1 afr 1 1
2 afr 1 2
3 afr 1 3
4 afr 1 4
5 afr 1 5
6 afr 1 6
7 afr 1 7
8 afr 1 8
9 afr 1 9
10 afr 1 10
11 afr 1 11
12 afr 1 12
13 afr 1 13
14 afr 1 14
15 afr 1 15
16 afr 1 16
17 afr 1 17
18 afr 1 18
19 afr 1 19
20 afr 1 20
21 afr 1 21
22 afr 1 22
23 afr 2 1
24 afr 2 2
25 afr 2 3
26 afr 2 4
27 afr 2 5
28 afr 2 6
29 afr 2 7
30 afr 2 8
31 afr 2 9
32 afr 2 10
33 afr 2 11
34 afr 2 12
35 afr 2 13
36 afr 2 14
37 afr 2 15
38 afr 2 16
39 afr 2 17
40 afr 2 18
41 afr 2 19
42 afr 2 20
43 afr 2 21
44 afr 2 22
45 afr 3 1
46 afr 3 2
47 afr 3 3
48 afr 3 4
49 afr 3 5
50 afr 3 6
51 afr 3 7
52 afr 3 8
53 afr 3 9
54 afr 3 10
55 afr 3 11
56 afr 3 12
57 afr 3 13
58 afr 3 14
59 afr 3 15
60 afr 3 16
61 afr 3 17
62 afr 3 18
63 afr 3 19
64 afr 3 20
65 afr 3 21
66 afr 3 22
67 afr 4 1
68 afr 4 2
69 afr 4 3
70 afr 4 4
71 afr 4 5
72 afr 4 6
73 afr 4 7
74 afr 4 8
75 afr 4 9
76 afr 4 10
77 afr 4 11
78 afr 4 12
79 afr 4 13
80 afr 4 14
81 afr 4 15
82 afr 4 16
83 afr 4 17
84 afr 4 18
85 afr 4 19
86 afr 4 20
87 afr 4 21
88 afr 4 22
89 afr 5 1
90 afr 5 2
91 afr 5 3
92 afr 5 4
93 afr 5 5
94 afr 5 6
95 afr 5 7
96 afr 5 8
97 afr 5 9
98 afr 5 10
99 afr 5 11
100 afr 5 12
101 afr 5 13
102 afr 5 14
103 afr 5 15
104 afr 5 16
105 afr 5 17
106 afr 5 18
107 afr 5 19
108 afr 5 20
109 afr 5 21
110 afr 5 22
111 afr 6 1
112 afr 6 2
113 afr 6 3
114 afr 6 4
115 afr 6 5
116 afr 6 6
117 afr 6 7
118 afr 6 8
119 afr 6 9
120 afr 6 10
121 afr 6 11
122 afr 6 12
123 afr 6 13
124 afr 6 14
125 afr 6 15
126 afr 6 16
127 afr 6 17
128 afr 6 18
129 afr 6 19
130 afr 6 20
131 afr 6 21
132 afr 6 22
133 afr 7 1
134 afr 7 2
135 afr 7 3
136 afr 7 4
137 afr 7 5
138 afr 7 6
139 afr 7 7
140 afr 7 8
141 afr 7 9
142 afr 7 10
143 afr 7 11
144 afr 7 12
145 afr 7 13
146 afr 7 14
147 afr 7 15
148 afr 7 16
149 afr 7 17
150 afr 7 18
151 afr 7 19
152 afr 7 20
153 afr 7 21
154 afr 7 22
155 afr 8 1
156 afr 8 2
157 afr 8 3
158 afr 8 4
159 afr 8 5
160 afr 8 6
161 afr 8 7
162 afr 8 8
163 afr 8 9
164 afr 8 10
165 afr 8 11
166 afr 8 12
167 afr 8 13
168 afr 8 14
169 afr 8 15
170 afr 8 16
171 afr 8 17
172 afr 8 18
173 afr 8 19
174 afr 8 20
175 afr 8 21
176 afr 8 22
177 afr 9 1
178 afr 9 2
179 afr 9 3
180 afr 9 4
181 afr 9 5
182 afr 9 6
183 afr 9 7
184 afr 9 8
185 afr 9 9
186 afr 9 10
187 afr 9 11
188 afr 9 12
189 afr 9 13
190 afr 9 14
191 afr 9 15
192 afr 9 16
193 afr 9 17
194 afr 9 18
195 afr 9 19
196 afr 9 20
197 afr 9 21
198 afr 9 22
199 afr 10 1
200 afr 10 2
201 afr 10 3
202 afr 10 4
203 afr 10 5
204 afr 10 6
205 afr 10 7
206 afr 10 8
207 afr 10 9
208 afr 10 10
209 afr 10 11
210 afr 10 12
211 afr 10 13
212 afr 10 14
213 afr 10 15
214 afr 10 16
215 afr 10 17
216 afr 10 18
217 afr 10 19
218 afr 10 20
219 afr 10 21
220 afr 10 22
221 afr 11 1
222 afr 11 2
223 afr 11 3
224 afr 11 4
225 afr 11 5
226 afr 11 6
227 afr 11 7
228 afr 11 8
229 afr 11 9
230 afr 11 10
231 afr 11 11
232 afr 11 12
233 afr 11 13
234 afr 11 14
235 afr 11 15
236 afr 11 16
237 afr 11 17
238 afr 11 18
239 afr 11 19
240 afr 11 20
241 afr 11 21
242 afr 11 22
243 afr 12 1
244 afr 12 2
245 afr 12 3
246 afr 12 4
247 afr 12 5
248 afr 12 6
249 afr 12 7
250 afr 12 8
251 afr 12 9
252 afr 12 10
253 afr 12 11
254 afr 12 12
255 afr 12 13
256 afr 12 14
257 afr 12 15
258 afr 12 16
259 afr 12 17
260 afr 12 18
261 afr 12 19
262 afr 12 20
263 afr 12 21
264 afr 12 22
265 afr 13 1
266 afr 13 2
267 afr 13 3
268 afr 13 4
269 afr 13 5
270 afr 13 6
271 afr 13 7
272 afr 13 8
273 afr 13 9
274 afr 13 10
275 afr 13 11
276 afr 13 12
277 afr 13 13
278 afr 13 14
279 afr 13 15
280 afr 13 16
281 afr 13 17
282 afr 13 18
283 afr 13 19
284 afr 13 20
285 afr 13 21
286 afr 13 22
287 afr 14 1
288 afr 14 2
289 afr 14 3
290 afr 14 4
291 afr 14 5
292 afr 14 6
293 afr 14 7
294 afr 14 8
295 afr 14 9
296 afr 14 10
297 afr 14 11
298 afr 14 12
299 afr 14 13
300 afr 14 14
301 afr 14 15
302 afr 14 16
303 afr 14 17
304 afr 14 18
305 afr 14 19
306 afr 14 20
307 afr 14 21
308 afr 14 22
309 afr 15 1
310 afr 15 2
311 afr 15 3
312 afr 15 4
313 afr 15 5
314 afr 15 6
315 afr 15 7
316 afr 15 8
317 afr 15 9
318 afr 15 10
319 afr 15 11
320 afr 15 12
321 afr 15 13
322 afr 15 14
323 afr 15 15
324 afr 15 16
325 afr 15 17
326 afr 15 18
327 afr 15 19
328 afr 15 20
329 afr 15 21
330 afr 15 22
331 afr 16 1
332 afr 16 2
333 afr 16 3
334 afr 16 4
335 afr 16 5
336 afr 16 6
337 afr 16 7
338 afr 16 8
339 afr 16 9
340 afr 16 10
341 afr 16 11
342 afr 16 12
343 afr 16 13
344 afr 16 14
345 afr 16 15
346 afr 16 16
347 afr 16 17
348 afr 16 18
349 afr 16 19
350 afr 16 20
351 afr 16 21
352 afr 16 22
353 afr 17 1
354 afr 17 2
355 afr 17 3
356 afr 17 4
357 afr 17 5
358 afr 17 6
359 afr 17 7
360 afr 17 8
361 afr 17 9
362 afr 17 10
363 afr 17 11
364 afr 17 12
365 afr 17 13
366 afr 17 14
367 afr 17 15
368 afr 17 16
369 afr 17 17
370 afr 17 18
371 afr 17 19
372 afr 17 20
373 afr 17 21
374 afr 17 22
375 afr 18 1
376 afr 18 2
377 afr 18 3
378 afr 18 4
379 afr 18 5
380 afr 18 6
381 afr 18 7
382 afr 18 8
383 afr 18 9
384 afr 18 10
385 afr 18 11
386 afr 18 12
387 afr 18 13
388 afr 18 14
389 afr 18 15
390 afr 18 16
391 afr 18 17
392 afr 18 18
393 afr 18 19
394 afr 18 20
395 afr 18 21
396 afr 18 22
397 afr 19 1
398 afr 19 2
399 afr 19 3
400 afr 19 4
401 afr 19 5
402 afr 19 6
403 afr 19 7
404 afr 19 8
405 afr 19 9
406 afr 19 10
407 afr 19 11
408 afr 19 12
409 afr 19 13
410 afr 19 14
411 afr 19 15
412 afr 19 16
413 afr 19 17
414 afr 19 18
415 afr 19 19
416 afr 19 20
417 afr 19 21
418 afr 19 22
419 afr 20 1
420 afr 20 2
421 afr 20 3
422 afr 20 4
423 afr 20 5
424 afr 20 6
425 afr 20 7
426 afr 20 8
427 afr 20 9
428 afr 20 10
429 afr 20 11
430 afr 20 12
431 afr 20 13
432 afr 20 14
433 afr 20 15
434 afr 20 16
435 afr 20 17
436 afr 20 18
437 afr 20 19
438 afr 20 20
439 afr 20 21
440 afr 20 22
441 afr 21 1
442 afr 21 2
443 afr 21 3
444 afr 21 4
445 afr 21 5
446 afr 21 6
447 afr 21 7
448 afr 21 8
449 afr 21 9
450 afr 21 10
451 afr 21 11
452 afr 21 12
453 afr 21 13
454 afr 21 14
455 afr 21 15
456 afr 21 16
457 afr 21 17
458 afr 21 18
459 afr 21 19
460 afr 21 20
461 afr 21 21
462 afr 21 22
463 afr 22 1
464 afr 22 2
465 afr 22 3
466 afr 22 4
467 afr 22 5
468 afr 22 6
469 afr 22 7
470 afr 22 8
471 afr 22 9
472 afr 22 10
473 afr 22 11
474 afr 22 12
475 afr 22 13
476 afr 22 14
477 afr 22 15
478 afr 22 16
479 afr 22 17
480 afr 22 18
481 afr 22 19
482 afr 22 20
483 afr 22 21
484 afr 22 22
485 afr 23 1
486 afr 23 2
487 afr 23 3
488 afr 23 4
489 afr 23 5
490 afr 23 6
491 afr 23 7
492 afr 23 8
493 afr 23 9
494 afr 23 10
495 afr 23 11
496 afr 23 12
497 afr 23 13
498 afr 23 14
499 afr 23 15
500 afr 23 16
501 afr 23 17
502 afr 23 18
503 afr 23 19
504 afr 23 20
505 afr 23 21
506 afr 23 22
507 afr 24 1
508 afr 24 2
509 afr 24 3
510 afr 24 4
511 afr 24 5
512 afr 24 6
513 afr 24 7
514 afr 24 8
515 afr 24 9
516 afr 24 10
517 afr 24 11
518 afr 24 12
519 afr 24 13
520 afr 24 14
521 afr 24 15
522 afr 24 16
523 afr 24 17
524 afr 24 18
525 afr 24 19
526 afr 24 20
527 afr 24 21
528 afr 24 22
529 afr 25 1
530 afr 25 2
531 afr 25 3
532 afr 25 4
533 afr 25 5
534 afr 25 6
535 afr 25 7
536 afr 25 8
537 afr 25 9
538 afr 25 10
539 afr 25 11
540 afr 25 12
541 afr 25 13
542 afr 25 14
543 afr 25 15
544 afr 25 16
545 afr 25 17
546 afr 25 18
547 afr 25 19
548 afr 25 20
549 afr 25 21
550 afr 25 22
551 afr 26 1
552 afr 26 2
553 afr 26 3
554 afr 26 4
555 afr 26 5
556 afr 26 6
557 afr 26 7
558 afr 26 8
559 afr 26 9
560 afr 26 10
561 afr 26 11
562 afr 26 12
563 afr 26 13
564 afr 26 14
565 afr 26 15
566 afr 26 16
567 afr 26 17
568 afr 26 18
569 afr 26 19
570 afr 26 20
571 afr 26 21
572 afr 26 22
573 afr 27 1
574 afr 27 2
575 afr 27 3
576 afr 27 4
577 afr 27 5
578 afr 27 6
579 afr 27 7
580 afr 27 8
581 afr 27 9
582 afr 27 10
583 afr 27 11
584 afr 27 12
585 afr 27 13
586 afr 27 14
587 afr 27 15
588 afr 27 16
589 afr 27 17
590 afr 27 18
591 afr 27 19
592 afr 27 20
593 afr 27 21
594 afr 27 22
595 afr 28 1
596 afr 28 2
597 afr 28 3
598 afr 28 4
599 afr 28 5
600 afr 28 6
601 afr 28 7
602 afr 28 8
603 afr 28 9
604 afr 28 10
605 afr 28 11
606 afr 28 12
607 afr 28 13
608 afr 28 14
609 afr 28 15
610 afr 28 16
611 afr 28 17
612 afr 28 18
613 afr 28 19
614 afr 28 20
615 afr 28 21
616 afr 28 22
617 afr 29 1
618 afr 29 2
619 afr 29 3
620 afr 29 4
621 afr 29 5
622 afr 29 6
623 afr 29 7
624 afr 29 8
625 afr 29 9
626 afr 29 10
627 afr 29 11
628 afr 29 12
629 afr 29 13
630 afr 29 14
631 afr 29 15
632 afr 29 16
633 afr 29 17
634 afr 29 18
635 afr 29 19
636 afr 29 20
637 afr 29 21
638 afr 29 22
639 afr 30 1
640 afr 30 2
641 afr 30 3
642 afr 30 4
643 afr 30 5
644 afr 30 6
645 afr 30 7
646 afr 30 8
647 afr 30 9
648 afr 30 10
649 afr 30 11
650 afr 30 12
651 afr 30 13
652 afr 30 14
653 afr 30 15
654 afr 30 16
655 afr 30 17
656 afr 30 18
657 afr 30 19
658 afr 30 20
659 afr 30 21
660 afr 30 22
661 afr 31 1
662 afr 31 2
663 afr 31 3
664 afr 31 4
665 afr 31 5
666 afr 31 6
667 afr 31 7
668 afr 31 8
669 afr 31 9
670 afr 31 10
671 afr 31 11
672 afr 31 12
673 afr 31 13
674 afr 31 14
675 afr 31 15
676 afr 31 16
677 afr 31 17
678 afr 31 18
679 afr 31 19
680 afr 31 20
681 afr 31 21
682 afr 31 22
683 afr 32 1
684 afr 32 2
685 afr 32 3
686 afr 32 4
687 afr 32 5
688 afr 32 6
689 afr 32 7
690 afr 32 8
691 afr 32 9
692 afr 32 10
693 afr 32 11
694 afr 32 12
695 afr 32 13
696 afr 32 14
697 afr 32 15
698 afr 32 16
699 afr 32 17
700 afr 32 18
701 afr 32 19
702 afr 32 20
703 afr 32 21
704 afr 32 22
705 afr 33 1
706 afr 33 2
707 afr 33 3
708 afr 33 4
709 afr 33 5
710 afr 33 6
711 afr 33 7
712 afr 33 8
713 afr 33 9
714 afr 33 10
715 afr 33 11
716 afr 33 12
717 afr 33 13
718 afr 33 14
719 afr 33 15
720 afr 33 16
721 afr 33 17
722 afr 33 18
723 afr 33 19
724 afr 33 20
725 afr 33 21
726 afr 33 22
727 afr 34 1
728 afr 34 2
729 afr 34 3
730 afr 34 4
731 afr 34 5
732 afr 34 6
733 afr 34 7
734 afr 34 8
735 afr 34 9
736 afr 34 10
737 afr 34 11
738 afr 34 12
739 afr 34 13
740 afr 34 14
741 afr 34 15
742 afr 34 16
743 afr 34 17
744 afr 34 18
745 afr 34 19
746 afr 34 20
747 afr 34 21
748 afr 34 22
749 afr 35 1
750 afr 35 2
751 afr 35 3
752 afr 35 4
753 afr 35 5
754 afr 35 6
755 afr 35 7
756 afr 35 8
757 afr 35 9
758 afr 35 10
759 afr 35 11
760 afr 35 12
761 afr 35 13
762 afr 35 14
763 afr 35 15
764 afr 35 16
765 afr 35 17
766 afr 35 18
767 afr 35 19
768 afr 35 20
769 afr 35 21
770 afr 35 22
771 afr 36 1
772 afr 36 2
773 afr 36 3
774 afr 36 4
775 afr 36 5
776 afr 36 6
777 afr 36 7
778 afr 36 8
779 afr 36 9
780 afr 36 10
781 afr 36 11
782 afr 36 12
783 afr 36 13
784 afr 36 14
785 afr 36 15
786 afr 36 16
787 afr 36 17
788 afr 36 18
789 afr 36 19
790 afr 36 20
791 afr 36 21
792 afr 36 22
793 afr 37 1
794 afr 37 2
795 afr 37 3
796 afr 37 4
797 afr 37 5
798 afr 37 6
799 afr 37 7
800 afr 37 8
801 afr 37 9
802 afr 37 10
803 afr 37 11
804 afr 37 12
805 afr 37 13
806 afr 37 14
807 afr 37 15
808 afr 37 16
809 afr 37 17
810 afr 37 18
811 afr 37 19
812 afr 37 20
813 afr 37 21
814 afr 37 22
815 afr 38 1
816 afr 38 2
817 afr 38 3
818 afr 38 4
819 afr 38 5
820 afr 38 6
821 afr 38 7
822 afr 38 8
823 afr 38 9
824 afr 38 10
825 afr 38 11
826 afr 38 12
827 afr 38 13
828 afr 38 14
829 afr 38 15
830 afr 38 16
831 afr 38 17
832 afr 38 18
833 afr 38 19
834 afr 38 20
835 afr 38 21
836 afr 38 22
837 afr 39 1
838 afr 39 2
839 afr 39 3
840 afr 39 4
841 afr 39 5
842 afr 39 6
843 afr 39 7
844 afr 39 8
845 afr 39 9
846 afr 39 10
847 afr 39 11
848 afr 39 12
849 afr 39 13
850 afr 39 14
851 afr 39 15
852 afr 39 16
853 afr 39 17
854 afr 39 18
855 afr 39 19
856 afr 39 20
857 afr 39 21
858 afr 39 22
859 afr 40 1
860 afr 40 2
861 afr 40 3
862 afr 40 4
863 afr 40 5
864 afr 40 6
865 afr 40 7
866 afr 40 8
867 afr 40 9
868 afr 40 10
869 afr 40 11
870 afr 40 12
871 afr 40 13
872 afr 40 14
873 afr 40 15
874 afr 40 16
875 afr 40 17
876 afr 40 18
877 afr 40 19
878 afr 40 20
879 afr 40 21
880 afr 40 22
881 afr 41 1
882 afr 41 2
883 afr 41 3
884 afr 41 4
885 afr 41 5
886 afr 41 6
887 afr 41 7
888 afr 41 8
889 afr 41 9
890 afr 41 10
891 afr 41 11
892 afr 41 12
893 afr 41 13
894 afr 41 14
895 afr 41 15
896 afr 41 16
897 afr 41 17
898 afr 41 18
899 afr 41 19
900 afr 41 20
901 afr 41 21
902 afr 41 22
903 afr 42 1
904 afr 42 2
905 afr 42 3
906 afr 42 4
907 afr 42 5
908 afr 42 6
909 afr 42 7
910 afr 42 8
911 afr 42 9
912 afr 42 10
913 afr 42 11
914 afr 42 12
915 afr 42 13
916 afr 42 14
917 afr 42 15
918 afr 42 16
919 afr 42 17
920 afr 42 18
921 afr 42 19
922 afr 42 20
923 afr 42 21
924 afr 42 22
925 afr 43 1
926 afr 43 2
927 afr 43 3
928 afr 43 4
929 afr 43 5
930 afr 43 6
931 afr 43 7
932 afr 43 8
933 afr 43 9
934 afr 43 10
935 afr 43 11
936 afr 43 12
937 afr 43 13
938 afr 43 14
939 afr 43 15
940 afr 43 16
941 afr 43 17
942 afr 43 18
943 afr 43 19
944 afr 43 20
945 afr 43 21
946 afr 43 22
947 afr 44 1
948 afr 44 2
949 afr 44 3
950 afr 44 4
951 afr 44 5
952 afr 44 6
953 afr 44 7
954 afr 44 8
955 afr 44 9
956 afr 44 10
957 afr 44 11
958 afr 44 12
959 afr 44 13
960 afr 44 14
961 afr 44 15
962 afr 44 16
963 afr 44 17
964 afr 44 18
965 afr 44 19
966 afr 44 20
967 afr 44 21
968 afr 44 22
969 afr 45 1
970 afr 45 2
971 afr 45 3
972 afr 45 4
973 afr 45 5
974 afr 45 6
975 afr 45 7
976 afr 45 8
977 afr 45 9
978 afr 45 10
979 afr 45 11
980 afr 45 12
981 afr 45 13
982 afr 45 14
983 afr 45 15
984 afr 45 16
985 afr 45 17
986 afr 45 18
987 afr 45 19
988 afr 45 20
989 afr 45 21
990 afr 45 22
991 afr 46 1
992 afr 46 2
993 afr 46 3
994 afr 46 4
995 afr 46 5
996 afr 46 6
997 afr 46 7
998 afr 46 8
999 afr 46 9
1000 afr 46 10
1001 afr 46 11
1002 afr 46 12
1003 afr 46 13
1004 afr 46 14
1005 afr 46 15
1006 afr 46 16
1007 afr 46 17
1008 afr 46 18
1009 afr 46 19
1010 afr 46 20
1011 afr 46 21
1012 afr 46 22
1013 afr 47 1
1014 afr 47 2
1015 afr 47 3
1016 afr 47 4
1017 afr 47 5
1018 afr 47 6
1019 afr 47 7
1020 afr 47 8
1021 afr 47 9
1022 afr 47 10
1023 afr 47 11
1024 afr 47 12
1025 afr 47 13
1026 afr 47 14
1027 afr 47 15
1028 afr 47 16
1029 afr 47 17
1030 afr 47 18
1031 afr 47 19
1032 afr 47 20
1033 afr 47 21
1034 afr 47 22
1035 afr 48 1
1036 afr 48 2
1037 afr 48 3
1038 afr 48 4
1039 afr 48 5
1040 afr 48 6
1041 afr 48 7
1042 afr 48 8
1043 afr 48 9
1044 afr 48 10
1045 afr 48 11
1046 afr 48 12
1047 afr 48 13
1048 afr 48 14
1049 afr 48 15
1050 afr 48 16
1051 afr 48 17
1052 afr 48 18
1053 afr 48 19
1054 afr 48 20
1055 afr 48 21
1056 afr 48 22
1057 afr 49 1
1058 afr 49 2
1059 afr 49 3
1060 afr 49 4
1061 afr 49 5
1062 afr 49 6
1063 afr 49 7
1064 afr 49 8
1065 afr 49 9
1066 afr 49 10
1067 afr 49 11
1068 afr 49 12
1069 afr 49 13
1070 afr 49 14
1071 afr 49 15
1072 afr 49 16
1073 afr 49 17
1074 afr 49 18
1075 afr 49 19
1076 afr 49 20
1077 afr 49 21
1078 afr 49 22
1079 afr 50 1
1080 afr 50 2
1081 afr 50 3
1082 afr 50 4
1083 afr 50 5
1084 afr 50 6
1085 afr 50 7
1086 afr 50 8
1087 afr 50 9
1088 afr 50 10
1089 afr 50 11
1090 afr 50 12
1091 afr 50 13
1092 afr 50 14
1093 afr 50 15
1094 afr 50 16
1095 afr 50 17
1096 afr 50 18
1097 afr 50 19
1098 afr 50 20
1099 afr 50 21
1100 afr 50 22
1101 afr 51 1
1102 afr 51 2
1103 afr 51 3
1104 afr 51 4
1105 afr 51 5
1106 afr 51 6
1107 afr 51 7
1108 afr 51 8
1109 afr 51 9
1110 afr 51 10
1111 afr 51 11
1112 afr 51 12
1113 afr 51 13
1114 afr 51 14
1115 afr 51 15
1116 afr 51 16
1117 afr 51 17
1118 afr 51 18
1119 afr 51 19
1120 afr 51 20
1121 afr 51 21
1122 afr 51 22
1123 afr 52 1
1124 afr 52 2
1125 afr 52 3
1126 afr 52 4
1127 afr 52 5
1128 afr 52 6
1129 afr 52 7
1130 afr 52 8
1131 afr 52 9
1132 afr 52 10
1133 afr 52 11
1134 afr 52 12
1135 afr 52 13
1136 afr 52 14
1137 afr 52 15
1138 afr 52 16
1139 afr 52 17
1140 afr 52 18
1141 afr 52 19
1142 afr 52 20
1143 afr 52 21
1144 afr 52 22
1145 afr 53 1
1146 afr 53 2
1147 afr 53 3
1148 afr 53 4
1149 afr 53 5
1150 afr 53 6
1151 afr 53 7
1152 afr 53 8
1153 afr 53 9
1154 afr 53 10
1155 afr 53 11
1156 afr 53 12
1157 afr 53 13
1158 afr 53 14
1159 afr 53 15
1160 afr 53 16
1161 afr 53 17
1162 afr 53 18
1163 afr 53 19
1164 afr 53 20
1165 afr 53 21
1166 afr 53 22
1167 afr 54 1
1168 afr 54 2
1169 afr 54 3
1170 afr 54 4
1171 afr 54 5
1172 afr 54 6
1173 afr 54 7
1174 afr 54 8
1175 afr 54 9
1176 afr 54 10
1177 afr 54 11
1178 afr 54 12
1179 afr 54 13
1180 afr 54 14
1181 afr 54 15
1182 afr 54 16
1183 afr 54 17
1184 afr 54 18
1185 afr 54 19
1186 afr 54 20
1187 afr 54 21
1188 afr 54 22
1189 afr 55 1
1190 afr 55 2
1191 afr 55 3
1192 afr 55 4
1193 afr 55 5
1194 afr 55 6
1195 afr 55 7
1196 afr 55 8
1197 afr 55 9
1198 afr 55 10
1199 afr 55 11
1200 afr 55 12
1201 afr 55 13
1202 afr 55 14
1203 afr 55 15
1204 afr 55 16
1205 afr 55 17
1206 afr 55 18
1207 afr 55 19
1208 afr 55 20
1209 afr 55 21
1210 afr 55 22
1211 afr 56 1
1212 afr 56 2
1213 afr 56 3
1214 afr 56 4
1215 afr 56 5
1216 afr 56 6
1217 afr 56 7
1218 afr 56 8
1219 afr 56 9
1220 afr 56 10
1221 afr 56 11
1222 afr 56 12
1223 afr 56 13
1224 afr 56 14
1225 afr 56 15
1226 afr 56 16
1227 afr 56 17
1228 afr 56 18
1229 afr 56 19
1230 afr 56 20
1231 afr 56 21
1232 afr 56 22
1233 afr 57 1
1234 afr 57 2
1235 afr 57 3
1236 afr 57 4
1237 afr 57 5
1238 afr 57 6
1239 afr 57 7
1240 afr 57 8
1241 afr 57 9
1242 afr 57 10
1243 afr 57 11
1244 afr 57 12
1245 afr 57 13
1246 afr 57 14
1247 afr 57 15
1248 afr 57 16
1249 afr 57 17
1250 afr 57 18
1251 afr 57 19
1252 afr 57 20
1253 afr 57 21
1254 afr 57 22
1255 afr 58 1
1256 afr 58 2
1257 afr 58 3
1258 afr 58 4
1259 afr 58 5
1260 afr 58 6
1261 afr 58 7
1262 afr 58 8
1263 afr 58 9
1264 afr 58 10
1265 afr 58 11
1266 afr 58 12
1267 afr 58 13
1268 afr 58 14
1269 afr 58 15
1270 afr 58 16
1271 afr 58 17
1272 afr 58 18
1273 afr 58 19
1274 afr 58 20
1275 afr 58 21
1276 afr 58 22
1277 afr 59 1
1278 afr 59 2
1279 afr 59 3
1280 afr 59 4
1281 afr 59 5
1282 afr 59 6
1283 afr 59 7
1284 afr 59 8
1285 afr 59 9
1286 afr 59 10
1287 afr 59 11
1288 afr 59 12
1289 afr 59 13
1290 afr 59 14
1291 afr 59 15
1292 afr 59 16
1293 afr 59 17
1294 afr 59 18
1295 afr 59 19
1296 afr 59 20
1297 afr 59 21
1298 afr 59 22
1299 afr 60 1
1300 afr 60 2
1301 afr 60 3
1302 afr 60 4
1303 afr 60 5
1304 afr 60 6
1305 afr 60 7
1306 afr 60 8
1307 afr 60 9
1308 afr 60 10
1309 afr 60 11
1310 afr 60 12
1311 afr 60 13
1312 afr 60 14
1313 afr 60 15
1314 afr 60 16
1315 afr 60 17
1316 afr 60 18
1317 afr 60 19
1318 afr 60 20
1319 afr 60 21
1320 afr 60 22
1321 afr 61 1
1322 afr 61 2
1323 afr 61 3
1324 afr 61 4
1325 afr 61 5
1326 afr 61 6
1327 afr 61 7
1328 afr 61 8
1329 afr 61 9
1330 afr 61 10
1331 afr 61 11
1332 afr 61 12
1333 afr 61 13
1334 afr 61 14
1335 afr 61 15
1336 afr 61 16
1337 afr 61 17
1338 afr 61 18
1339 afr 61 19
1340 afr 61 20
1341 afr 61 21
1342 afr 61 22
1343 afr 62 1
1344 afr 62 2
1345 afr 62 3
1346 afr 62 4
1347 afr 62 5
1348 afr 62 6
1349 afr 62 7
1350 afr 62 8
1351 afr 62 9
1352 afr 62 10
1353 afr 62 11
1354 afr 62 12
1355 afr 62 13
1356 afr 62 14
1357 afr 62 15
1358 afr 62 16
1359 afr 62 17
1360 afr 62 18
1361 afr 62 19
1362 afr 62 20
1363 afr 62 21
1364 afr 62 22
1365 afr 63 1
1366 afr 63 2
1367 afr 63 3
1368 afr 63 4
1369 afr 63 5
1370 afr 63 6
1371 afr 63 7
1372 afr 63 8
1373 afr 63 9
1374 afr 63 10
1375 afr 63 11
1376 afr 63 12
1377 afr 63 13
1378 afr 63 14
1379 afr 63 15
1380 afr 63 16
1381 afr 63 17
1382 afr 63 18
1383 afr 63 19
1384 afr 63 20
1385 afr 63 21
1386 afr 63 22
1387 afr 64 1
1388 afr 64 2
1389 afr 64 3
1390 afr 64 4
1391 afr 64 5
1392 afr 64 6
1393 afr 64 7
1394 afr 64 8
1395 afr 64 9
1396 afr 64 10
1397 afr 64 11
1398 afr 64 12
1399 afr 64 13
1400 afr 64 14
1401 afr 64 15
1402 afr 64 16
1403 afr 64 17
1404 afr 64 18
1405 afr 64 19
1406 afr 64 20
1407 afr 64 21
1408 afr 64 22
1409 afr 65 1
1410 afr 65 2
1411 afr 65 3
1412 afr 65 4
1413 afr 65 5
1414 afr 65 6
1415 afr 65 7
1416 afr 65 8
1417 afr 65 9
1418 afr 65 10
1419 afr 65 11
1420 afr 65 12
1421 afr 65 13
1422 afr 65 14
1423 afr 65 15
1424 afr 65 16
1425 afr 65 17
1426 afr 65 18
1427 afr 65 19
1428 afr 65 20
1429 afr 65 21
1430 afr 65 22
1431 afr 66 1
1432 afr 66 2
1433 afr 66 3
1434 afr 66 4
1435 afr 66 5
1436 afr 66 6
1437 afr 66 7
1438 afr 66 8
1439 afr 66 9
1440 afr 66 10
1441 afr 66 11
1442 afr 66 12
1443 afr 66 13
1444 afr 66 14
1445 afr 66 15
1446 afr 66 16
1447 afr 66 17
1448 afr 66 18
1449 afr 66 19
1450 afr 66 20
1451 afr 66 21
1452 afr 66 22
1453 afr 67 1
1454 afr 67 2
1455 afr 67 3
1456 afr 67 4
1457 afr 67 5
1458 afr 67 6
1459 afr 67 7
1460 afr 67 8
1461 afr 67 9
1462 afr 67 10
1463 afr 67 11
1464 afr 67 12
1465 afr 67 13
1466 afr 67 14
1467 afr 67 15
1468 afr 67 16
1469 afr 67 17
1470 afr 67 18
1471 afr 67 19
1472 afr 67 20
1473 afr 67 21
1474 afr 67 22
1475 afr 68 1
1476 afr 68 2
1477 afr 68 3
1478 afr 68 4
1479 afr 68 5
1480 afr 68 6
1481 afr 68 7
1482 afr 68 8
1483 afr 68 9
1484 afr 68 10
1485 afr 68 11
1486 afr 68 12
1487 afr 68 13
1488 afr 68 14
1489 afr 68 15
1490 afr 68 16
1491 afr 68 17
1492 afr 68 18
1493 afr 68 19
1494 afr 68 20
1495 afr 68 21
1496 afr 68 22
1497 afr 69 1
1498 afr 69 2
1499 afr 69 3
1500 afr 69 4
1501 afr 69 5
1502 afr 69 6
1503 afr 69 7
1504 afr 69 8
1505 afr 69 9
1506 afr 69 10
1507 afr 69 11
1508 afr 69 12
1509 afr 69 13
1510 afr 69 14
1511 afr 69 15
1512 afr 69 16
1513 afr 69 17
1514 afr 69 18
1515 afr 69 19
1516 afr 69 20
1517 afr 69 21
1518 afr 69 22
1519 afr 70 1
1520 afr 70 2
1521 afr 70 3
1522 afr 70 4
1523 afr 70 5
1524 afr 70 6
1525 afr 70 7
1526 afr 70 8
1527 afr 70 9
1528 afr 70 10
1529 afr 70 11
1530 afr 70 12
1531 afr 70 13
1532 afr 70 14
1533 afr 70 15
1534 afr 70 16
1535 afr 70 17
1536 afr 70 18
1537 afr 70 19
1538 afr 70 20
1539 afr 70 21
1540 afr 70 22
1541 afr 71 1
1542 afr 71 2
1543 afr 71 3
1544 afr 71 4
1545 afr 71 5
1546 afr 71 6
1547 afr 71 7
1548 afr 71 8
1549 afr 71 9
1550 afr 71 10
1551 afr 71 11
1552 afr 71 12
1553 afr 71 13
1554 afr 71 14
1555 afr 71 15
1556 afr 71 16
1557 afr 71 17
1558 afr 71 18
1559 afr 71 19
1560 afr 71 20
1561 afr 71 21
1562 afr 71 22
1563 afr 72 1
1564 afr 72 2
1565 afr 72 3
1566 afr 72 4
1567 afr 72 5
1568 afr 72 6
1569 afr 72 7
1570 afr 72 8
1571 afr 72 9
1572 afr 72 10
1573 afr 72 11
1574 afr 72 12
1575 afr 72 13
1576 afr 72 14
1577 afr 72 15
1578 afr 72 16
1579 afr 72 17
1580 afr 72 18
1581 afr 72 19
1582 afr 72 20
1583 afr 72 21
1584 afr 72 22
1585 afr 73 1
1586 afr 73 2
1587 afr 73 3
1588 afr 73 4
1589 afr 73 5
1590 afr 73 6
1591 afr 73 7
1592 afr 73 8
1593 afr 73 9
1594 afr 73 10
1595 afr 73 11
1596 afr 73 12
1597 afr 73 13
1598 afr 73 14
1599 afr 73 15
1600 afr 73 16
1601 afr 73 17
1602 afr 73 18
1603 afr 73 19
1604 afr 73 20
1605 afr 73 21
1606 afr 73 22
1607 afr 74 1
1608 afr 74 2
1609 afr 74 3
1610 afr 74 4
1611 afr 74 5
1612 afr 74 6
1613 afr 74 7
1614 afr 74 8
1615 afr 74 9
1616 afr 74 10
1617 afr 74 11
1618 afr 74 12
1619 afr 74 13
1620 afr 74 14
1621 afr 74 15
1622 afr 74 16
1623 afr 74 17
1624 afr 74 18
1625 afr 74 19
1626 afr 74 20
1627 afr 74 21
1628 afr 74 22
1629 afr 75 1
1630 afr 75 2
1631 afr 75 3
1632 afr 75 4
1633 afr 75 5
1634 afr 75 6
1635 afr 75 7
1636 afr 75 8
1637 afr 75 9
1638 afr 75 10
1639 afr 75 11
1640 afr 75 12
1641 afr 75 13
1642 afr 75 14
1643 afr 75 15
1644 afr 75 16
1645 afr 75 17
1646 afr 75 18
1647 afr 75 19
1648 afr 75 20
1649 afr 75 21
1650 afr 75 22
1651 afr 76 1
1652 afr 76 2
1653 afr 76 3
1654 afr 76 4
1655 afr 76 5
1656 afr 76 6
1657 afr 76 7
1658 afr 76 8
1659 afr 76 9
1660 afr 76 10
1661 afr 76 11
1662 afr 76 12
1663 afr 76 13
1664 afr 76 14
1665 afr 76 15
1666 afr 76 16
1667 afr 76 17
1668 afr 76 18
1669 afr 76 19
1670 afr 76 20
1671 afr 76 21
1672 afr 76 22
1673 afr 77 1
1674 afr 77 2
1675 afr 77 3
1676 afr 77 4
1677 afr 77 5
1678 afr 77 6
1679 afr 77 7
1680 afr 77 8
1681 afr 77 9
1682 afr 77 10
1683 afr 77 11
1684 afr 77 12
1685 afr 77 13
1686 afr 77 14
1687 afr 77 15
1688 afr 77 16
1689 afr 77 17
1690 afr 77 18
1691 afr 77 19
1692 afr 77 20
1693 afr 77 21
1694 afr 77 22
1695 afr 78 1
1696 afr 78 2
1697 afr 78 3
1698 afr 78 4
1699 afr 78 5
1700 afr 78 6
1701 afr 78 7
1702 afr 78 8
1703 afr 78 9
1704 afr 78 10
1705 afr 78 11
1706 afr 78 12
1707 afr 78 13
1708 afr 78 14
1709 afr 78 15
1710 afr 78 16
1711 afr 78 17
1712 afr 78 18
1713 afr 78 19
1714 afr 78 20
1715 afr 78 21
1716 afr 78 22
1717 afr 79 1
1718 afr 79 2
1719 afr 79 3
1720 afr 79 4
1721 afr 79 5
1722 afr 79 6
1723 afr 79 7
1724 afr 79 8
1725 afr 79 9
1726 afr 79 10
1727 afr 79 11
1728 afr 79 12
1729 afr 79 13
1730 afr 79 14
1731 afr 79 15
1732 afr 79 16
1733 afr 79 17
1734 afr 79 18
1735 afr 79 19
1736 afr 79 20
1737 afr 79 21
1738 afr 79 22
1739 afr 80 1
1740 afr 80 2
1741 afr 80 3
1742 afr 80 4
1743 afr 80 5
1744 afr 80 6
1745 afr 80 7
1746 afr 80 8
1747 afr 80 9
1748 afr 80 10
1749 afr 80 11
1750 afr 80 12
1751 afr 80 13
1752 afr 80 14
1753 afr 80 15
1754 afr 80 16
1755 afr 80 17
1756 afr 80 18
1757 afr 80 19
1758 afr 80 20
1759 afr 80 21
1760 afr 80 22
1761 afr 81 1
1762 afr 81 2
1763 afr 81 3
1764 afr 81 4
1765 afr 81 5
1766 afr 81 6
1767 afr 81 7
1768 afr 81 8
1769 afr 81 9
1770 afr 81 10
1771 afr 81 11
1772 afr 81 12
1773 afr 81 13
1774 afr 81 14
1775 afr 81 15
1776 afr 81 16
1777 afr 81 17
1778 afr 81 18
1779 afr 81 19
1780 afr 81 20
1781 afr 81 21
1782 afr 81 22
1783 afr 82 1
1784 afr 82 2
1785 afr 82 3
1786 afr 82 4
1787 afr 82 5
1788 afr 82 6
1789 afr 82 7
1790 afr 82 8
1791 afr 82 9
1792 afr 82 10
1793 afr 82 11
1794 afr 82 12
1795 afr 82 13
1796 afr 82 14
1797 afr 82 15
1798 afr 82 16
1799 afr 82 17
1800 afr 82 18
1801 afr 82 19
1802 afr 82 20
1803 afr 82 21
1804 afr 82 22
1805 afr 83 1
1806 afr 83 2
1807 afr 83 3
1808 afr 83 4
1809 afr 83 5
1810 afr 83 6
1811 afr 83 7
1812 afr 83 8
1813 afr 83 9
1814 afr 83 10
1815 afr 83 11
1816 afr 83 12
1817 afr 83 13
1818 afr 83 14
1819 afr 83 15
1820 afr 83 16
1821 afr 83 17
1822 afr 83 18
1823 afr 83 19
1824 afr 83 20
1825 afr 83 21
1826 afr 83 22
1827 afr 84 1
1828 afr 84 2
1829 afr 84 3
1830 afr 84 4
1831 afr 84 5
1832 afr 84 6
1833 afr 84 7
1834 afr 84 8
1835 afr 84 9
1836 afr 84 10
1837 afr 84 11
1838 afr 84 12
1839 afr 84 13
1840 afr 84 14
1841 afr 84 15
1842 afr 84 16
1843 afr 84 17
1844 afr 84 18
1845 afr 84 19
1846 afr 84 20
1847 afr 84 21
1848 afr 84 22
1849 afr 85 1
1850 afr 85 2
1851 afr 85 3
1852 afr 85 4
1853 afr 85 5
1854 afr 85 6
1855 afr 85 7
1856 afr 85 8
1857 afr 85 9
1858 afr 85 10
1859 afr 85 11
1860 afr 85 12
1861 afr 85 13
1862 afr 85 14
1863 afr 85 15
1864 afr 85 16
1865 afr 85 17
1866 afr 85 18
1867 afr 85 19
1868 afr 85 20
1869 afr 85 21
1870 afr 85 22
1871 afr 86 1
1872 afr 86 2
1873 afr 86 3
1874 afr 86 4
1875 afr 86 5
1876 afr 86 6
1877 afr 86 7
1878 afr 86 8
1879 afr 86 9
1880 afr 86 10
1881 afr 86 11
1882 afr 86 12
1883 afr 86 13
1884 afr 86 14
1885 afr 86 15
1886 afr 86 16
1887 afr 86 17
1888 afr 86 18
1889 afr 86 19
1890 afr 86 20
1891 afr 86 21
1892 afr 86 22
1893 afr 87 1
1894 afr 87 2
1895 afr 87 3
1896 afr 87 4
1897 afr 87 5
1898 afr 87 6
1899 afr 87 7
1900 afr 87 8
1901 afr 87 9
1902 afr 87 10
1903 afr 87 11
1904 afr 87 12
1905 afr 87 13
1906 afr 87 14
1907 afr 87 15
1908 afr 87 16
1909 afr 87 17
1910 afr 87 18
1911 afr 87 19
1912 afr 87 20
1913 afr 87 21
1914 afr 87 22
1915 afr 88 1
1916 afr 88 2
1917 afr 88 3
1918 afr 88 4
1919 afr 88 5
1920 afr 88 6
1921 afr 88 7
1922 afr 88 8
1923 afr 88 9
1924 afr 88 10
1925 afr 88 11
1926 afr 88 12
1927 afr 88 13
1928 afr 88 14
1929 afr 88 15
1930 afr 88 16
1931 afr 88 17
1932 afr 88 18
1933 afr 88 19
1934 afr 88 20
1935 afr 88 21
1936 afr 88 22
1937 afr 89 1
1938 afr 89 2
1939 afr 89 3
1940 afr 89 4
1941 afr 89 5
1942 afr 89 6
1943 afr 89 7
1944 afr 89 8
1945 afr 89 9
1946 afr 89 10
1947 afr 89 11
1948 afr 89 12
1949 afr 89 13
1950 afr 89 14
1951 afr 89 15
1952 afr 89 16
1953 afr 89 17
1954 afr 89 18
1955 afr 89 19
1956 afr 89 20
1957 afr 89 21
1958 afr 89 22
1959 afr 90 1
1960 afr 90 2
1961 afr 90 3
1962 afr 90 4
1963 afr 90 5
1964 afr 90 6
1965 afr 90 7
1966 afr 90 8
1967 afr 90 9
1968 afr 90 10
1969 afr 90 11
1970 afr 90 12
1971 afr 90 13
1972 afr 90 14
1973 afr 90 15
1974 afr 90 16
1975 afr 90 17
1976 afr 90 18
1977 afr 90 19
1978 afr 90 20
1979 afr 90 21
1980 afr 90 22
1981 afr 91 1
1982 afr 91 2
1983 afr 91 3
1984 afr 91 4
1985 afr 91 5
1986 afr 91 6
1987 afr 91 7
1988 afr 91 8
1989 afr 91 9
1990 afr 91 10
1991 afr 91 11
1992 afr 91 12
1993 afr 91 13
1994 afr 91 14
1995 afr 91 15
1996 afr 91 16
1997 afr 91 17
1998 afr 91 18
1999 afr 91 19
2000 afr 91 20
2001 afr 91 21
2002 afr 91 22
2003 afr 92 1
2004 afr 92 2
2005 afr 92 3
2006 afr 92 4
2007 afr 92 5
2008 afr 92 6
2009 afr 92 7
2010 afr 92 8
2011 afr 92 9
2012 afr 92 10
2013 afr 92 11
2014 afr 92 12
2015 afr 92 13
2016 afr 92 14
2017 afr 92 15
2018 afr 92 16
2019 afr 92 17
2020 afr 92 18
2021 afr 92 19
2022 afr 92 20
2023 afr 92 21
2024 afr 92 22
2025 afr 93 1
2026 afr 93 2
2027 afr 93 3
2028 afr 93 4
2029 afr 93 5
2030 afr 93 6
2031 afr 93 7
2032 afr 93 8
2033 afr 93 9
2034 afr 93 10
2035 afr 93 11
2036 afr 93 12
2037 afr 93 13
2038 afr 93 14
2039 afr 93 15
2040 afr 93 16
2041 afr 93 17
2042 afr 93 18
2043 afr 93 19
2044 afr 93 20
2045 afr 93 21
2046 afr 93 22
2047 afr 94 1
2048 afr 94 2
2049 afr 94 3
2050 afr 94 4
2051 afr 94 5
2052 afr 94 6
2053 afr 94 7
2054 afr 94 8
2055 afr 94 9
2056 afr 94 10
2057 afr 94 11
2058 afr 94 12
2059 afr 94 13
2060 afr 94 14
2061 afr 94 15
2062 afr 94 16
2063 afr 94 17
2064 afr 94 18
2065 afr 94 19
2066 afr 94 20
2067 afr 94 21
2068 afr 94 22
2069 afr 95 1
2070 afr 95 2
2071 afr 95 3
2072 afr 95 4
2073 afr 95 5
2074 afr 95 6
2075 afr 95 7
2076 afr 95 8
2077 afr 95 9
2078 afr 95 10
2079 afr 95 11
2080 afr 95 12
2081 afr 95 13
2082 afr 95 14
2083 afr 95 15
2084 afr 95 16
2085 afr 95 17
2086 afr 95 18
2087 afr 95 19
2088 afr 95 20
2089 afr 95 21
2090 afr 95 22
2091 afr 96 1
2092 afr 96 2
2093 afr 96 3
2094 afr 96 4
2095 afr 96 5
2096 afr 96 6
2097 afr 96 7
2098 afr 96 8
2099 afr 96 9
2100 afr 96 10
2101 afr 96 11
2102 afr 96 12
2103 afr 96 13
2104 afr 96 14
2105 afr 96 15
2106 afr 96 16
2107 afr 96 17
2108 afr 96 18
2109 afr 96 19
2110 afr 96 20
2111 afr 96 21
2112 afr 96 22
2113 afr 97 1
2114 afr 97 2
2115 afr 97 3
2116 afr 97 4
2117 afr 97 5
2118 afr 97 6
2119 afr 97 7
2120 afr 97 8
2121 afr 97 9
2122 afr 97 10
2123 afr 97 11
2124 afr 97 12
2125 afr 97 13
2126 afr 97 14
2127 afr 97 15
2128 afr 97 16
2129 afr 97 17
2130 afr 97 18
2131 afr 97 19
2132 afr 97 20
2133 afr 97 21
2134 afr 97 22
2135 afr 98 1
2136 afr 98 2
2137 afr 98 3
2138 afr 98 4
2139 afr 98 5
2140 afr 98 6
2141 afr 98 7
2142 afr 98 8
2143 afr 98 9
2144 afr 98 10
2145 afr 98 11
2146 afr 98 12
2147 afr 98 13
2148 afr 98 14
2149 afr 98 15
2150 afr 98 16
2151 afr 98 17
2152 afr 98 18
2153 afr 98 19
2154 afr 98 20
2155 afr 98 21
2156 afr 98 22
2157 afr 99 1
2158 afr 99 2
2159 afr 99 3
2160 afr 99 4
2161 afr 99 5
2162 afr 99 6
2163 afr 99 7
2164 afr 99 8
2165 afr 99 9
2166 afr 99 10
2167 afr 99 11
2168 afr 99 12
2169 afr 99 13
2170 afr 99 14
2171 afr 99 15
2172 afr 99 16
2173 afr 99 17
2174 afr 99 18
2175 afr 99 19
2176 afr 99 20
2177 afr 99 21
2178 afr 99 22
2179 afr 100 1
2180 afr 100 2
2181 afr 100 3
2182 afr 100 4
2183 afr 100 5
2184 afr 100 6
2185 afr 100 7
2186 afr 100 8
2187 afr 100 9
2188 afr 100 10
2189 afr 100 11
2190 afr 100 12
2191 afr 100 13
2192 afr 100 14
2193 afr 100 15
2194 afr 100 16
2195 afr 100 17
2196 afr 100 18
2197 afr 100 19
2198 afr 100 20
2199 afr 100 21
2200 afr 100 22
2201 amr 1 1
2202 amr 1 2
2203 amr 1 3
2204 amr 1 4
2205 amr 1 5
2206 amr 1 6
2207 amr 1 7
2208 amr 1 8
2209 amr 1 9
2210 amr 1 10
2211 amr 1 11
2212 amr 1 12
2213 amr 1 13
2214 amr 1 14
2215 amr 1 15
2216 amr 1 16
2217 amr 1 17
2218 amr 1 18
2219 amr 1 19
2220 amr 1 20
2221 amr 1 21
2222 amr 1 22
2223 amr 2 1
2224 amr 2 2
2225 amr 2 3
2226 amr 2 4
2227 amr 2 5
2228 amr 2 6
2229 amr 2 7
2230 amr 2 8
2231 amr 2 9
2232 amr 2 10
2233 amr 2 11
2234 amr 2 12
2235 amr 2 13
2236 amr 2 14
2237 amr 2 15
2238 amr 2 16
2239 amr 2 17
2240 amr 2 18
2241 amr 2 19
2242 amr 2 20
2243 amr 2 21
2244 amr 2 22
2245 amr 3 1
2246 amr 3 2
2247 amr 3 3
2248 amr 3 4
2249 amr 3 5
2250 amr 3 6
2251 amr 3 7
2252 amr 3 8
2253 amr 3 9
2254 amr 3 10
2255 amr 3 11
2256 amr 3 12
2257 amr 3 13
2258 amr 3 14
2259 amr 3 15
2260 amr 3 16
2261 amr 3 17
2262 amr 3 18
2263 amr 3 19
2264 amr 3 20
2265 amr 3 21
2266 amr 3 22
2267 amr 4 1
2268 amr 4 2
2269 amr 4 3
2270 amr 4 4
2271 amr 4 5
2272 amr 4 6
2273 amr 4 7
2274 amr 4 8
2275 amr 4 9
2276 amr 4 10
2277 amr 4 11
2278 amr 4 12
2279 amr 4 13
2280 amr 4 14
2281 amr 4 15
2282 amr 4 16
2283 amr 4 17
2284 amr 4 18
2285 amr 4 19
2286 amr 4 20
2287 amr 4 21
2288 amr 4 22
2289 amr 5 1
2290 amr 5 2
2291 amr 5 3
2292 amr 5 4
2293 amr 5 5
2294 amr 5 6
2295 amr 5 7
2296 amr 5 8
2297 amr 5 9
2298 amr 5 10
2299 amr 5 11
2300 amr 5 12
2301 amr 5 13
2302 amr 5 14
2303 amr 5 15
2304 amr 5 16
2305 amr 5 17
2306 amr 5 18
2307 amr 5 19
2308 amr 5 20
2309 amr 5 21
2310 amr 5 22
2311 amr 6 1
2312 amr 6 2
2313 amr 6 3
2314 amr 6 4
2315 amr 6 5
2316 amr 6 6
2317 amr 6 7
2318 amr 6 8
2319 amr 6 9
2320 amr 6 10
2321 amr 6 11
2322 amr 6 12
2323 amr 6 13
2324 amr 6 14
2325 amr 6 15
2326 amr 6 16
2327 amr 6 17
2328 amr 6 18
2329 amr 6 19
2330 amr 6 20
2331 amr 6 21
2332 amr 6 22
2333 amr 7 1
2334 amr 7 2
2335 amr 7 3
2336 amr 7 4
2337 amr 7 5
2338 amr 7 6
2339 amr 7 7
2340 amr 7 8
2341 amr 7 9
2342 amr 7 10
2343 amr 7 11
2344 amr 7 12
2345 amr 7 13
2346 amr 7 14
2347 amr 7 15
2348 amr 7 16
2349 amr 7 17
2350 amr 7 18
2351 amr 7 19
2352 amr 7 20
2353 amr 7 21
2354 amr 7 22
2355 amr 8 1
2356 amr 8 2
2357 amr 8 3
2358 amr 8 4
2359 amr 8 5
2360 amr 8 6
2361 amr 8 7
2362 amr 8 8
2363 amr 8 9
2364 amr 8 10
2365 amr 8 11
2366 amr 8 12
2367 amr 8 13
2368 amr 8 14
2369 amr 8 15
2370 amr 8 16
2371 amr 8 17
2372 amr 8 18
2373 amr 8 19
2374 amr 8 20
2375 amr 8 21
2376 amr 8 22
2377 amr 9 1
2378 amr 9 2
2379 amr 9 3
2380 amr 9 4
2381 amr 9 5
2382 amr 9 6
2383 amr 9 7
2384 amr 9 8
2385 amr 9 9
2386 amr 9 10
2387 amr 9 11
2388 amr 9 12
2389 amr 9 13
2390 amr 9 14
2391 amr 9 15
2392 amr 9 16
2393 amr 9 17
2394 amr 9 18
2395 amr 9 19
2396 amr 9 20
2397 amr 9 21
2398 amr 9 22
2399 amr 10 1
2400 amr 10 2
2401 amr 10 3
2402 amr 10 4
2403 amr 10 5
2404 amr 10 6
2405 amr 10 7
2406 amr 10 8
2407 amr 10 9
2408 amr 10 10
2409 amr 10 11
2410 amr 10 12
2411 amr 10 13
2412 amr 10 14
2413 amr 10 15
2414 amr 10 16
2415 amr 10 17
2416 amr 10 18
2417 amr 10 19
2418 amr 10 20
2419 amr 10 21
2420 amr 10 22
2421 amr 11 1
2422 amr 11 2
2423 amr 11 3
2424 amr 11 4
2425 amr 11 5
2426 amr 11 6
2427 amr 11 7
2428 amr 11 8
2429 amr 11 9
2430 amr 11 10
2431 amr 11 11
2432 amr 11 12
2433 amr 11 13
2434 amr 11 14
2435 amr 11 15
2436 amr 11 16
2437 amr 11 17
2438 amr 11 18
2439 amr 11 19
2440 amr 11 20
2441 amr 11 21
2442 amr 11 22
2443 amr 12 1
2444 amr 12 2
2445 amr 12 3
2446 amr 12 4
2447 amr 12 5
2448 amr 12 6
2449 amr 12 7
2450 amr 12 8
2451 amr 12 9
2452 amr 12 10
2453 amr 12 11
2454 amr 12 12
2455 amr 12 13
2456 amr 12 14
2457 amr 12 15
2458 amr 12 16
2459 amr 12 17
2460 amr 12 18
2461 amr 12 19
2462 amr 12 20
2463 amr 12 21
2464 amr 12 22
2465 amr 13 1
2466 amr 13 2
2467 amr 13 3
2468 amr 13 4
2469 amr 13 5
2470 amr 13 6
2471 amr 13 7
2472 amr 13 8
2473 amr 13 9
2474 amr 13 10
2475 amr 13 11
2476 amr 13 12
2477 amr 13 13
2478 amr 13 14
2479 amr 13 15
2480 amr 13 16
2481 amr 13 17
2482 amr 13 18
2483 amr 13 19
2484 amr 13 20
2485 amr 13 21
2486 amr 13 22
2487 amr 14 1
2488 amr 14 2
2489 amr 14 3
2490 amr 14 4
2491 amr 14 5
2492 amr 14 6
2493 amr 14 7
2494 amr 14 8
2495 amr 14 9
2496 amr 14 10
2497 amr 14 11
2498 amr 14 12
2499 amr 14 13
2500 amr 14 14
2501 amr 14 15
2502 amr 14 16
2503 amr 14 17
2504 amr 14 18
2505 amr 14 19
2506 amr 14 20
2507 amr 14 21
2508 amr 14 22
2509 amr 15 1
2510 amr 15 2
2511 amr 15 3
2512 amr 15 4
2513 amr 15 5
2514 amr 15 6
2515 amr 15 7
2516 amr 15 8
2517 amr 15 9
2518 amr 15 10
2519 amr 15 11
2520 amr 15 12
2521 amr 15 13
2522 amr 15 14
2523 amr 15 15
2524 amr 15 16
2525 amr 15 17
2526 amr 15 18
2527 amr 15 19
2528 amr 15 20
2529 amr 15 21
2530 amr 15 22
2531 amr 16 1
2532 amr 16 2
2533 amr 16 3
2534 amr 16 4
2535 amr 16 5
2536 amr 16 6
2537 amr 16 7
2538 amr 16 8
2539 amr 16 9
2540 amr 16 10
2541 amr 16 11
2542 amr 16 12
2543 amr 16 13
2544 amr 16 14
2545 amr 16 15
2546 amr 16 16
2547 amr 16 17
2548 amr 16 18
2549 amr 16 19
2550 amr 16 20
2551 amr 16 21
2552 amr 16 22
2553 amr 17 1
2554 amr 17 2
2555 amr 17 3
2556 amr 17 4
2557 amr 17 5
2558 amr 17 6
2559 amr 17 7
2560 amr 17 8
2561 amr 17 9
2562 amr 17 10
2563 amr 17 11
2564 amr 17 12
2565 amr 17 13
2566 amr 17 14
2567 amr 17 15
2568 amr 17 16
2569 amr 17 17
2570 amr 17 18
2571 amr 17 19
2572 amr 17 20
2573 amr 17 21
2574 amr 17 22
2575 amr 18 1
2576 amr 18 2
2577 amr 18 3
2578 amr 18 4
2579 amr 18 5
2580 amr 18 6
2581 amr 18 7
2582 amr 18 8
2583 amr 18 9
2584 amr 18 10
2585 amr 18 11
2586 amr 18 12
2587 amr 18 13
2588 amr 18 14
2589 amr 18 15
2590 amr 18 16
2591 amr 18 17
2592 amr 18 18
2593 amr 18 19
2594 amr 18 20
2595 amr 18 21
2596 amr 18 22
2597 amr 19 1
2598 amr 19 2
2599 amr 19 3
2600 amr 19 4
2601 amr 19 5
2602 amr 19 6
2603 amr 19 7
2604 amr 19 8
2605 amr 19 9
2606 amr 19 10
2607 amr 19 11
2608 amr 19 12
2609 amr 19 13
2610 amr 19 14
2611 amr 19 15
2612 amr 19 16
2613 amr 19 17
2614 amr 19 18
2615 amr 19 19
2616 amr 19 20
2617 amr 19 21
2618 amr 19 22
2619 amr 20 1
2620 amr 20 2
2621 amr 20 3
2622 amr 20 4
2623 amr 20 5
2624 amr 20 6
2625 amr 20 7
2626 amr 20 8
2627 amr 20 9
2628 amr 20 10
2629 amr 20 11
2630 amr 20 12
2631 amr 20 13
2632 amr 20 14
2633 amr 20 15
2634 amr 20 16
2635 amr 20 17
2636 amr 20 18
2637 amr 20 19
2638 amr 20 20
2639 amr 20 21
2640 amr 20 22
2641 amr 21 1
2642 amr 21 2
2643 amr 21 3
2644 amr 21 4
2645 amr 21 5
2646 amr 21 6
2647 amr 21 7
2648 amr 21 8
2649 amr 21 9
2650 amr 21 10
2651 amr 21 11
2652 amr 21 12
2653 amr 21 13
2654 amr 21 14
2655 amr 21 15
2656 amr 21 16
2657 amr 21 17
2658 amr 21 18
2659 amr 21 19
2660 amr 21 20
2661 amr 21 21
2662 amr 21 22
2663 amr 22 1
2664 amr 22 2
2665 amr 22 3
2666 amr 22 4
2667 amr 22 5
2668 amr 22 6
2669 amr 22 7
2670 amr 22 8
2671 amr 22 9
2672 amr 22 10
2673 amr 22 11
2674 amr 22 12
2675 amr 22 13
2676 amr 22 14
2677 amr 22 15
2678 amr 22 16
2679 amr 22 17
2680 amr 22 18
2681 amr 22 19
2682 amr 22 20
2683 amr 22 21
2684 amr 22 22
2685 amr 23 1
2686 amr 23 2
2687 amr 23 3
2688 amr 23 4
2689 amr 23 5
2690 amr 23 6
2691 amr 23 7
2692 amr 23 8
2693 amr 23 9
2694 amr 23 10
2695 amr 23 11
2696 amr 23 12
2697 amr 23 13
2698 amr 23 14
2699 amr 23 15
2700 amr 23 16
2701 amr 23 17
2702 amr 23 18
2703 amr 23 19
2704 amr 23 20
2705 amr 23 21
2706 amr 23 22
2707 amr 24 1
2708 amr 24 2
2709 amr 24 3
2710 amr 24 4
2711 amr 24 5
2712 amr 24 6
2713 amr 24 7
2714 amr 24 8
2715 amr 24 9
2716 amr 24 10
2717 amr 24 11
2718 amr 24 12
2719 amr 24 13
2720 amr 24 14
2721 amr 24 15
2722 amr 24 16
2723 amr 24 17
2724 amr 24 18
2725 amr 24 19
2726 amr 24 20
2727 amr 24 21
2728 amr 24 22
2729 amr 25 1
2730 amr 25 2
2731 amr 25 3
2732 amr 25 4
2733 amr 25 5
2734 amr 25 6
2735 amr 25 7
2736 amr 25 8
2737 amr 25 9
2738 amr 25 10
2739 amr 25 11
2740 amr 25 12
2741 amr 25 13
2742 amr 25 14
2743 amr 25 15
2744 amr 25 16
2745 amr 25 17
2746 amr 25 18
2747 amr 25 19
2748 amr 25 20
2749 amr 25 21
2750 amr 25 22
2751 amr 26 1
2752 amr 26 2
2753 amr 26 3
2754 amr 26 4
2755 amr 26 5
2756 amr 26 6
2757 amr 26 7
2758 amr 26 8
2759 amr 26 9
2760 amr 26 10
2761 amr 26 11
2762 amr 26 12
2763 amr 26 13
2764 amr 26 14
2765 amr 26 15
2766 amr 26 16
2767 amr 26 17
2768 amr 26 18
2769 amr 26 19
2770 amr 26 20
2771 amr 26 21
2772 amr 26 22
2773 amr 27 1
2774 amr 27 2
2775 amr 27 3
2776 amr 27 4
2777 amr 27 5
2778 amr 27 6
2779 amr 27 7
2780 amr 27 8
2781 amr 27 9
2782 amr 27 10
2783 amr 27 11
2784 amr 27 12
2785 amr 27 13
2786 amr 27 14
2787 amr 27 15
2788 amr 27 16
2789 amr 27 17
2790 amr 27 18
2791 amr 27 19
2792 amr 27 20
2793 amr 27 21
2794 amr 27 22
2795 amr 28 1
2796 amr 28 2
2797 amr 28 3
2798 amr 28 4
2799 amr 28 5
2800 amr 28 6
2801 amr 28 7
2802 amr 28 8
2803 amr 28 9
2804 amr 28 10
2805 amr 28 11
2806 amr 28 12
2807 amr 28 13
2808 amr 28 14
2809 amr 28 15
2810 amr 28 16
2811 amr 28 17
2812 amr 28 18
2813 amr 28 19
2814 amr 28 20
2815 amr 28 21
2816 amr 28 22
2817 amr 29 1
2818 amr 29 2
2819 amr 29 3
2820 amr 29 4
2821 amr 29 5
2822 amr 29 6
2823 amr 29 7
2824 amr 29 8
2825 amr 29 9
2826 amr 29 10
2827 amr 29 11
2828 amr 29 12
2829 amr 29 13
2830 amr 29 14
2831 amr 29 15
2832 amr 29 16
2833 amr 29 17
2834 amr 29 18
2835 amr 29 19
2836 amr 29 20
2837 amr 29 21
2838 amr 29 22
2839 amr 30 1
2840 amr 30 2
2841 amr 30 3
2842 amr 30 4
2843 amr 30 5
2844 amr 30 6
2845 amr 30 7
2846 amr 30 8
2847 amr 30 9
2848 amr 30 10
2849 amr 30 11
2850 amr 30 12
2851 amr 30 13
2852 amr 30 14
2853 amr 30 15
2854 amr 30 16
2855 amr 30 17
2856 amr 30 18
2857 amr 30 19
2858 amr 30 20
2859 amr 30 21
2860 amr 30 22
2861 amr 31 1
2862 amr 31 2
2863 amr 31 3
2864 amr 31 4
2865 amr 31 5
2866 amr 31 6
2867 amr 31 7
2868 amr 31 8
2869 amr 31 9
2870 amr 31 10
2871 amr 31 11
2872 amr 31 12
2873 amr 31 13
2874 amr 31 14
2875 amr 31 15
2876 amr 31 16
2877 amr 31 17
2878 amr 31 18
2879 amr 31 19
2880 amr 31 20
2881 amr 31 21
2882 amr 31 22
2883 amr 32 1
2884 amr 32 2
2885 amr 32 3
2886 amr 32 4
2887 amr 32 5
2888 amr 32 6
2889 amr 32 7
2890 amr 32 8
2891 amr 32 9
2892 amr 32 10
2893 amr 32 11
2894 amr 32 12
2895 amr 32 13
2896 amr 32 14
2897 amr 32 15
2898 amr 32 16
2899 amr 32 17
2900 amr 32 18
2901 amr 32 19
2902 amr 32 20
2903 amr 32 21
2904 amr 32 22
2905 amr 33 1
2906 amr 33 2
2907 amr 33 3
2908 amr 33 4
2909 amr 33 5
2910 amr 33 6
2911 amr 33 7
2912 amr 33 8
2913 amr 33 9
2914 amr 33 10
2915 amr 33 11
2916 amr 33 12
2917 amr 33 13
2918 amr 33 14
2919 amr 33 15
2920 amr 33 16
2921 amr 33 17
2922 amr 33 18
2923 amr 33 19
2924 amr 33 20
2925 amr 33 21
2926 amr 33 22
2927 amr 34 1
2928 amr 34 2
2929 amr 34 3
2930 amr 34 4
2931 amr 34 5
2932 amr 34 6
2933 amr 34 7
2934 amr 34 8
2935 amr 34 9
2936 amr 34 10
2937 amr 34 11
2938 amr 34 12
2939 amr 34 13
2940 amr 34 14
2941 amr 34 15
2942 amr 34 16
2943 amr 34 17
2944 amr 34 18
2945 amr 34 19
2946 amr 34 20
2947 amr 34 21
2948 amr 34 22
2949 amr 35 1
2950 amr 35 2
2951 amr 35 3
2952 amr 35 4
2953 amr 35 5
2954 amr 35 6
2955 amr 35 7
2956 amr 35 8
2957 amr 35 9
2958 amr 35 10
2959 amr 35 11
2960 amr 35 12
2961 amr 35 13
2962 amr 35 14
2963 amr 35 15
2964 amr 35 16
2965 amr 35 17
2966 amr 35 18
2967 amr 35 19
2968 amr 35 20
2969 amr 35 21
2970 amr 35 22
2971 amr 36 1
2972 amr 36 2
2973 amr 36 3
2974 amr 36 4
2975 amr 36 5
2976 amr 36 6
2977 amr 36 7
2978 amr 36 8
2979 amr 36 9
2980 amr 36 10
2981 amr 36 11
2982 amr 36 12
2983 amr 36 13
2984 amr 36 14
2985 amr 36 15
2986 amr 36 16
2987 amr 36 17
2988 amr 36 18
2989 amr 36 19
2990 amr 36 20
2991 amr 36 21
2992 amr 36 22
2993 amr 37 1
2994 amr 37 2
2995 amr 37 3
2996 amr 37 4
2997 amr 37 5
2998 amr 37 6
2999 amr 37 7
3000 amr 37 8
3001 amr 37 9
3002 amr 37 10
3003 amr 37 11
3004 amr 37 12
3005 amr 37 13
3006 amr 37 14
3007 amr 37 15
3008 amr 37 16
3009 amr 37 17
3010 amr 37 18
3011 amr 37 19
3012 amr 37 20
3013 amr 37 21
3014 amr 37 22
3015 amr 38 1
3016 amr 38 2
3017 amr 38 3
3018 amr 38 4
3019 amr 38 5
3020 amr 38 6
3021 amr 38 7
3022 amr 38 8
3023 amr 38 9
3024 amr 38 10
3025 amr 38 11
3026 amr 38 12
3027 amr 38 13
3028 amr 38 14
3029 amr 38 15
3030 amr 38 16
3031 amr 38 17
3032 amr 38 18
3033 amr 38 19
3034 amr 38 20
3035 amr 38 21
3036 amr 38 22
3037 amr 39 1
3038 amr 39 2
3039 amr 39 3
3040 amr 39 4
3041 amr 39 5
3042 amr 39 6
3043 amr 39 7
3044 amr 39 8
3045 amr 39 9
3046 amr 39 10
3047 amr 39 11
3048 amr 39 12
3049 amr 39 13
3050 amr 39 14
3051 amr 39 15
3052 amr 39 16
3053 amr 39 17
3054 amr 39 18
3055 amr 39 19
3056 amr 39 20
3057 amr 39 21
3058 amr 39 22
3059 amr 40 1
3060 amr 40 2
3061 amr 40 3
3062 amr 40 4
3063 amr 40 5
3064 amr 40 6
3065 amr 40 7
3066 amr 40 8
3067 amr 40 9
3068 amr 40 10
3069 amr 40 11
3070 amr 40 12
3071 amr 40 13
3072 amr 40 14
3073 amr 40 15
3074 amr 40 16
3075 amr 40 17
3076 amr 40 18
3077 amr 40 19
3078 amr 40 20
3079 amr 40 21
3080 amr 40 22
3081 amr 41 1
3082 amr 41 2
3083 amr 41 3
3084 amr 41 4
3085 amr 41 5
3086 amr 41 6
3087 amr 41 7
3088 amr 41 8
3089 amr 41 9
3090 amr 41 10
3091 amr 41 11
3092 amr 41 12
3093 amr 41 13
3094 amr 41 14
3095 amr 41 15
3096 amr 41 16
3097 amr 41 17
3098 amr 41 18
3099 amr 41 19
3100 amr 41 20
3101 amr 41 21
3102 amr 41 22
3103 amr 42 1
3104 amr 42 2
3105 amr 42 3
3106 amr 42 4
3107 amr 42 5
3108 amr 42 6
3109 amr 42 7
3110 amr 42 8
3111 amr 42 9
3112 amr 42 10
3113 amr 42 11
3114 amr 42 12
3115 amr 42 13
3116 amr 42 14
3117 amr 42 15
3118 amr 42 16
3119 amr 42 17
3120 amr 42 18
3121 amr 42 19
3122 amr 42 20
3123 amr 42 21
3124 amr 42 22
3125 amr 43 1
3126 amr 43 2
3127 amr 43 3
3128 amr 43 4
3129 amr 43 5
3130 amr 43 6
3131 amr 43 7
3132 amr 43 8
3133 amr 43 9
3134 amr 43 10
3135 amr 43 11
3136 amr 43 12
3137 amr 43 13
3138 amr 43 14
3139 amr 43 15
3140 amr 43 16
3141 amr 43 17
3142 amr 43 18
3143 amr 43 19
3144 amr 43 20
3145 amr 43 21
3146 amr 43 22
3147 amr 44 1
3148 amr 44 2
3149 amr 44 3
3150 amr 44 4
3151 amr 44 5
3152 amr 44 6
3153 amr 44 7
3154 amr 44 8
3155 amr 44 9
3156 amr 44 10
3157 amr 44 11
3158 amr 44 12
3159 amr 44 13
3160 amr 44 14
3161 amr 44 15
3162 amr 44 16
3163 amr 44 17
3164 amr 44 18
3165 amr 44 19
3166 amr 44 20
3167 amr 44 21
3168 amr 44 22
3169 amr 45 1
3170 amr 45 2
3171 amr 45 3
3172 amr 45 4
3173 amr 45 5
3174 amr 45 6
3175 amr 45 7
3176 amr 45 8
3177 amr 45 9
3178 amr 45 10
3179 amr 45 11
3180 amr 45 12
3181 amr 45 13
3182 amr 45 14
3183 amr 45 15
3184 amr 45 16
3185 amr 45 17
3186 amr 45 18
3187 amr 45 19
3188 amr 45 20
3189 amr 45 21
3190 amr 45 22
3191 amr 46 1
3192 amr 46 2
3193 amr 46 3
3194 amr 46 4
3195 amr 46 5
3196 amr 46 6
3197 amr 46 7
3198 amr 46 8
3199 amr 46 9
3200 amr 46 10
3201 amr 46 11
3202 amr 46 12
3203 amr 46 13
3204 amr 46 14
3205 amr 46 15
3206 amr 46 16
3207 amr 46 17
3208 amr 46 18
3209 amr 46 19
3210 amr 46 20
3211 amr 46 21
3212 amr 46 22
3213 amr 47 1
3214 amr 47 2
3215 amr 47 3
3216 amr 47 4
3217 amr 47 5
3218 amr 47 6
3219 amr 47 7
3220 amr 47 8
3221 amr 47 9
3222 amr 47 10
3223 amr 47 11
3224 amr 47 12
3225 amr 47 13
3226 amr 47 14
3227 amr 47 15
3228 amr 47 16
3229 amr 47 17
3230 amr 47 18
3231 amr 47 19
3232 amr 47 20
3233 amr 47 21
3234 amr 47 22
3235 amr 48 1
3236 amr 48 2
3237 amr 48 3
3238 amr 48 4
3239 amr 48 5
3240 amr 48 6
3241 amr 48 7
3242 amr 48 8
3243 amr 48 9
3244 amr 48 10
3245 amr 48 11
3246 amr 48 12
3247 amr 48 13
3248 amr 48 14
3249 amr 48 15
3250 amr 48 16
3251 amr 48 17
3252 amr 48 18
3253 amr 48 19
3254 amr 48 20
3255 amr 48 21
3256 amr 48 22
3257 amr 49 1
3258 amr 49 2
3259 amr 49 3
3260 amr 49 4
3261 amr 49 5
3262 amr 49 6
3263 amr 49 7
3264 amr 49 8
3265 amr 49 9
3266 amr 49 10
3267 amr 49 11
3268 amr 49 12
3269 amr 49 13
3270 amr 49 14
3271 amr 49 15
3272 amr 49 16
3273 amr 49 17
3274 amr 49 18
3275 amr 49 19
3276 amr 49 20
3277 amr 49 21
3278 amr 49 22
3279 amr 50 1
3280 amr 50 2
3281 amr 50 3
3282 amr 50 4
3283 amr 50 5
3284 amr 50 6
3285 amr 50 7
3286 amr 50 8
3287 amr 50 9
3288 amr 50 10
3289 amr 50 11
3290 amr 50 12
3291 amr 50 13
3292 amr 50 14
3293 amr 50 15
3294 amr 50 16
3295 amr 50 17
3296 amr 50 18
3297 amr 50 19
3298 amr 50 20
3299 amr 50 21
3300 amr 50 22
3301 amr 51 1
3302 amr 51 2
3303 amr 51 3
3304 amr 51 4
3305 amr 51 5
3306 amr 51 6
3307 amr 51 7
3308 amr 51 8
3309 amr 51 9
3310 amr 51 10
3311 amr 51 11
3312 amr 51 12
3313 amr 51 13
3314 amr 51 14
3315 amr 51 15
3316 amr 51 16
3317 amr 51 17
3318 amr 51 18
3319 amr 51 19
3320 amr 51 20
3321 amr 51 21
3322 amr 51 22
3323 amr 52 1
3324 amr 52 2
3325 amr 52 3
3326 amr 52 4
3327 amr 52 5
3328 amr 52 6
3329 amr 52 7
3330 amr 52 8
3331 amr 52 9
3332 amr 52 10
3333 amr 52 11
3334 amr 52 12
3335 amr 52 13
3336 amr 52 14
3337 amr 52 15
3338 amr 52 16
3339 amr 52 17
3340 amr 52 18
3341 amr 52 19
3342 amr 52 20
3343 amr 52 21
3344 amr 52 22
3345 amr 53 1
3346 amr 53 2
3347 amr 53 3
3348 amr 53 4
3349 amr 53 5
3350 amr 53 6
3351 amr 53 7
3352 amr 53 8
3353 amr 53 9
3354 amr 53 10
3355 amr 53 11
3356 amr 53 12
3357 amr 53 13
3358 amr 53 14
3359 amr 53 15
3360 amr 53 16
3361 amr 53 17
3362 amr 53 18
3363 amr 53 19
3364 amr 53 20
3365 amr 53 21
3366 amr 53 22
3367 amr 54 1
3368 amr 54 2
3369 amr 54 3
3370 amr 54 4
3371 amr 54 5
3372 amr 54 6
3373 amr 54 7
3374 amr 54 8
3375 amr 54 9
3376 amr 54 10
3377 amr 54 11
3378 amr 54 12
3379 amr 54 13
3380 amr 54 14
3381 amr 54 15
3382 amr 54 16
3383 amr 54 17
3384 amr 54 18
3385 amr 54 19
3386 amr 54 20
3387 amr 54 21
3388 amr 54 22
3389 amr 55 1
3390 amr 55 2
3391 amr 55 3
3392 amr 55 4
3393 amr 55 5
3394 amr 55 6
3395 amr 55 7
3396 amr 55 8
3397 amr 55 9
3398 amr 55 10
3399 amr 55 11
3400 amr 55 12
3401 amr 55 13
3402 amr 55 14
3403 amr 55 15
3404 amr 55 16
3405 amr 55 17
3406 amr 55 18
3407 amr 55 19
3408 amr 55 20
3409 amr 55 21
3410 amr 55 22
3411 amr 56 1
3412 amr 56 2
3413 amr 56 3
3414 amr 56 4
3415 amr 56 5
3416 amr 56 6
3417 amr 56 7
3418 amr 56 8
3419 amr 56 9
3420 amr 56 10
3421 amr 56 11
3422 amr 56 12
3423 amr 56 13
3424 amr 56 14
3425 amr 56 15
3426 amr 56 16
3427 amr 56 17
3428 amr 56 18
3429 amr 56 19
3430 amr 56 20
3431 amr 56 21
3432 amr 56 22
3433 amr 57 1
3434 amr 57 2
3435 amr 57 3
3436 amr 57 4
3437 amr 57 5
3438 amr 57 6
3439 amr 57 7
3440 amr 57 8
3441 amr 57 9
3442 amr 57 10
3443 amr 57 11
3444 amr 57 12
3445 amr 57 13
3446 amr 57 14
3447 amr 57 15
3448 amr 57 16
3449 amr 57 17
3450 amr 57 18
3451 amr 57 19
3452 amr 57 20
3453 amr 57 21
3454 amr 57 22
3455 amr 58 1
3456 amr 58 2
3457 amr 58 3
3458 amr 58 4
3459 amr 58 5
3460 amr 58 6
3461 amr 58 7
3462 amr 58 8
3463 amr 58 9
3464 amr 58 10
3465 amr 58 11
3466 amr 58 12
3467 amr 58 13
3468 amr 58 14
3469 amr 58 15
3470 amr 58 16
3471 amr 58 17
3472 amr 58 18
3473 amr 58 19
3474 amr 58 20
3475 amr 58 21
3476 amr 58 22
3477 amr 59 1
3478 amr 59 2
3479 amr 59 3
3480 amr 59 4
3481 amr 59 5
3482 amr 59 6
3483 amr 59 7
3484 amr 59 8
3485 amr 59 9
3486 amr 59 10
3487 amr 59 11
3488 amr 59 12
3489 amr 59 13
3490 amr 59 14
3491 amr 59 15
3492 amr 59 16
3493 amr 59 17
3494 amr 59 18
3495 amr 59 19
3496 amr 59 20
3497 amr 59 21
3498 amr 59 22
3499 amr 60 1
3500 amr 60 2
3501 amr 60 3
3502 amr 60 4
3503 amr 60 5
3504 amr 60 6
3505 amr 60 7
3506 amr 60 8
3507 amr 60 9
3508 amr 60 10
3509 amr 60 11
3510 amr 60 12
3511 amr 60 13
3512 amr 60 14
3513 amr 60 15
3514 amr 60 16
3515 amr 60 17
3516 amr 60 18
3517 amr 60 19
3518 amr 60 20
3519 amr 60 21
3520 amr 60 22
3521 amr 61 1
3522 amr 61 2
3523 amr 61 3
3524 amr 61 4
3525 amr 61 5
3526 amr 61 6
3527 amr 61 7
3528 amr 61 8
3529 amr 61 9
3530 amr 61 10
3531 amr 61 11
3532 amr 61 12
3533 amr 61 13
3534 amr 61 14
3535 amr 61 15
3536 amr 61 16
3537 amr 61 17
3538 amr 61 18
3539 amr 61 19
3540 amr 61 20
3541 amr 61 21
3542 amr 61 22
3543 amr 62 1
3544 amr 62 2
3545 amr 62 3
3546 amr 62 4
3547 amr 62 5
3548 amr 62 6
3549 amr 62 7
3550 amr 62 8
3551 amr 62 9
3552 amr 62 10
3553 amr 62 11
3554 amr 62 12
3555 amr 62 13
3556 amr 62 14
3557 amr 62 15
3558 amr 62 16
3559 amr 62 17
3560 amr 62 18
3561 amr 62 19
3562 amr 62 20
3563 amr 62 21
3564 amr 62 22
3565 amr 63 1
3566 amr 63 2
3567 amr 63 3
3568 amr 63 4
3569 amr 63 5
3570 amr 63 6
3571 amr 63 7
3572 amr 63 8
3573 amr 63 9
3574 amr 63 10
3575 amr 63 11
3576 amr 63 12
3577 amr 63 13
3578 amr 63 14
3579 amr 63 15
3580 amr 63 16
3581 amr 63 17
3582 amr 63 18
3583 amr 63 19
3584 amr 63 20
3585 amr 63 21
3586 amr 63 22
3587 amr 64 1
3588 amr 64 2
3589 amr 64 3
3590 amr 64 4
3591 amr 64 5
3592 amr 64 6
3593 amr 64 7
3594 amr 64 8
3595 amr 64 9
3596 amr 64 10
3597 amr 64 11
3598 amr 64 12
3599 amr 64 13
3600 amr 64 14
3601 amr 64 15
3602 amr 64 16
3603 amr 64 17
3604 amr 64 18
3605 amr 64 19
3606 amr 64 20
3607 amr 64 21
3608 amr 64 22
3609 amr 65 1
3610 amr 65 2
3611 amr 65 3
3612 amr 65 4
3613 amr 65 5
3614 amr 65 6
3615 amr 65 7
3616 amr 65 8
3617 amr 65 9
3618 amr 65 10
3619 amr 65 11
3620 amr 65 12
3621 amr 65 13
3622 amr 65 14
3623 amr 65 15
3624 amr 65 16
3625 amr 65 17
3626 amr 65 18
3627 amr 65 19
3628 amr 65 20
3629 amr 65 21
3630 amr 65 22
3631 amr 66 1
3632 amr 66 2
3633 amr 66 3
3634 amr 66 4
3635 amr 66 5
3636 amr 66 6
3637 amr 66 7
3638 amr 66 8
3639 amr 66 9
3640 amr 66 10
3641 amr 66 11
3642 amr 66 12
3643 amr 66 13
3644 amr 66 14
3645 amr 66 15
3646 amr 66 16
3647 amr 66 17
3648 amr 66 18
3649 amr 66 19
3650 amr 66 20
3651 amr 66 21
3652 amr 66 22
3653 amr 67 1
3654 amr 67 2
3655 amr 67 3
3656 amr 67 4
3657 amr 67 5
3658 amr 67 6
3659 amr 67 7
3660 amr 67 8
3661 amr 67 9
3662 amr 67 10
3663 amr 67 11
3664 amr 67 12
3665 amr 67 13
3666 amr 67 14
3667 amr 67 15
3668 amr 67 16
3669 amr 67 17
3670 amr 67 18
3671 amr 67 19
3672 amr 67 20
3673 amr 67 21
3674 amr 67 22
3675 amr 68 1
3676 amr 68 2
3677 amr 68 3
3678 amr 68 4
3679 amr 68 5
3680 amr 68 6
3681 amr 68 7
3682 amr 68 8
3683 amr 68 9
3684 amr 68 10
3685 amr 68 11
3686 amr 68 12
3687 amr 68 13
3688 amr 68 14
3689 amr 68 15
3690 amr 68 16
3691 amr 68 17
3692 amr 68 18
3693 amr 68 19
3694 amr 68 20
3695 amr 68 21
3696 amr 68 22
3697 amr 69 1
3698 amr 69 2
3699 amr 69 3
3700 amr 69 4
3701 amr 69 5
3702 amr 69 6
3703 amr 69 7
3704 amr 69 8
3705 amr 69 9
3706 amr 69 10
3707 amr 69 11
3708 amr 69 12
3709 amr 69 13
3710 amr 69 14
3711 amr 69 15
3712 amr 69 16
3713 amr 69 17
3714 amr 69 18
3715 amr 69 19
3716 amr 69 20
3717 amr 69 21
3718 amr 69 22
3719 amr 70 1
3720 amr 70 2
3721 amr 70 3
3722 amr 70 4
3723 amr 70 5
3724 amr 70 6
3725 amr 70 7
3726 amr 70 8
3727 amr 70 9
3728 amr 70 10
3729 amr 70 11
3730 amr 70 12
3731 amr 70 13
3732 amr 70 14
3733 amr 70 15
3734 amr 70 16
3735 amr 70 17
3736 amr 70 18
3737 amr 70 19
3738 amr 70 20
3739 amr 70 21
3740 amr 70 22
3741 amr 71 1
3742 amr 71 2
3743 amr 71 3
3744 amr 71 4
3745 amr 71 5
3746 amr 71 6
3747 amr 71 7
3748 amr 71 8
3749 amr 71 9
3750 amr 71 10
3751 amr 71 11
3752 amr 71 12
3753 amr 71 13
3754 amr 71 14
3755 amr 71 15
3756 amr 71 16
3757 amr 71 17
3758 amr 71 18
3759 amr 71 19
3760 amr 71 20
3761 amr 71 21
3762 amr 71 22
3763 amr 72 1
3764 amr 72 2
3765 amr 72 3
3766 amr 72 4
3767 amr 72 5
3768 amr 72 6
3769 amr 72 7
3770 amr 72 8
3771 amr 72 9
3772 amr 72 10
3773 amr 72 11
3774 amr 72 12
3775 amr 72 13
3776 amr 72 14
3777 amr 72 15
3778 amr 72 16
3779 amr 72 17
3780 amr 72 18
3781 amr 72 19
3782 amr 72 20
3783 amr 72 21
3784 amr 72 22
3785 amr 73 1
3786 amr 73 2
3787 amr 73 3
3788 amr 73 4
3789 amr 73 5
3790 amr 73 6
3791 amr 73 7
3792 amr 73 8
3793 amr 73 9
3794 amr 73 10
3795 amr 73 11
3796 amr 73 12
3797 amr 73 13
3798 amr 73 14
3799 amr 73 15
3800 amr 73 16
3801 amr 73 17
3802 amr 73 18
3803 amr 73 19
3804 amr 73 20
3805 amr 73 21
3806 amr 73 22
3807 amr 74 1
3808 amr 74 2
3809 amr 74 3
3810 amr 74 4
3811 amr 74 5
3812 amr 74 6
3813 amr 74 7
3814 amr 74 8
3815 amr 74 9
3816 amr 74 10
3817 amr 74 11
3818 amr 74 12
3819 amr 74 13
3820 amr 74 14
3821 amr 74 15
3822 amr 74 16
3823 amr 74 17
3824 amr 74 18
3825 amr 74 19
3826 amr 74 20
3827 amr 74 21
3828 amr 74 22
3829 amr 75 1
3830 amr 75 2
3831 amr 75 3
3832 amr 75 4
3833 amr 75 5
3834 amr 75 6
3835 amr 75 7
3836 amr 75 8
3837 amr 75 9
3838 amr 75 10
3839 amr 75 11
3840 amr 75 12
3841 amr 75 13
3842 amr 75 14
3843 amr 75 15
3844 amr 75 16
3845 amr 75 17
3846 amr 75 18
3847 amr 75 19
3848 amr 75 20
3849 amr 75 21
3850 amr 75 22
3851 amr 76 1
3852 amr 76 2
3853 amr 76 3
3854 amr 76 4
3855 amr 76 5
3856 amr 76 6
3857 amr 76 7
3858 amr 76 8
3859 amr 76 9
3860 amr 76 10
3861 amr 76 11
3862 amr 76 12
3863 amr 76 13
3864 amr 76 14
3865 amr 76 15
3866 amr 76 16
3867 amr 76 17
3868 amr 76 18
3869 amr 76 19
3870 amr 76 20
3871 amr 76 21
3872 amr 76 22
3873 amr 77 1
3874 amr 77 2
3875 amr 77 3
3876 amr 77 4
3877 amr 77 5
3878 amr 77 6
3879 amr 77 7
3880 amr 77 8
3881 amr 77 9
3882 amr 77 10
3883 amr 77 11
3884 amr 77 12
3885 amr 77 13
3886 amr 77 14
3887 amr 77 15
3888 amr 77 16
3889 amr 77 17
3890 amr 77 18
3891 amr 77 19
3892 amr 77 20
3893 amr 77 21
3894 amr 77 22
3895 amr 78 1
3896 amr 78 2
3897 amr 78 3
3898 amr 78 4
3899 amr 78 5
3900 amr 78 6
3901 amr 78 7
3902 amr 78 8
3903 amr 78 9
3904 amr 78 10
3905 amr 78 11
3906 amr 78 12
3907 amr 78 13
3908 amr 78 14
3909 amr 78 15
3910 amr 78 16
3911 amr 78 17
3912 amr 78 18
3913 amr 78 19
3914 amr 78 20
3915 amr 78 21
3916 amr 78 22
3917 amr 79 1
3918 amr 79 2
3919 amr 79 3
3920 amr 79 4
3921 amr 79 5
3922 amr 79 6
3923 amr 79 7
3924 amr 79 8
3925 amr 79 9
3926 amr 79 10
3927 amr 79 11
3928 amr 79 12
3929 amr 79 13
3930 amr 79 14
3931 amr 79 15
3932 amr 79 16
3933 amr 79 17
3934 amr 79 18
3935 amr 79 19
3936 amr 79 20
3937 amr 79 21
3938 amr 79 22
3939 amr 80 1
3940 amr 80 2
3941 amr 80 3
3942 amr 80 4
3943 amr 80 5
3944 amr 80 6
3945 amr 80 7
3946 amr 80 8
3947 amr 80 9
3948 amr 80 10
3949 amr 80 11
3950 amr 80 12
3951 amr 80 13
3952 amr 80 14
3953 amr 80 15
3954 amr 80 16
3955 amr 80 17
3956 amr 80 18
3957 amr 80 19
3958 amr 80 20
3959 amr 80 21
3960 amr 80 22
3961 amr 81 1
3962 amr 81 2
3963 amr 81 3
3964 amr 81 4
3965 amr 81 5
3966 amr 81 6
3967 amr 81 7
3968 amr 81 8
3969 amr 81 9
3970 amr 81 10
3971 amr 81 11
3972 amr 81 12
3973 amr 81 13
3974 amr 81 14
3975 amr 81 15
3976 amr 81 16
3977 amr 81 17
3978 amr 81 18
3979 amr 81 19
3980 amr 81 20
3981 amr 81 21
3982 amr 81 22
3983 amr 82 1
3984 amr 82 2
3985 amr 82 3
3986 amr 82 4
3987 amr 82 5
3988 amr 82 6
3989 amr 82 7
3990 amr 82 8
3991 amr 82 9
3992 amr 82 10
3993 amr 82 11
3994 amr 82 12
3995 amr 82 13
3996 amr 82 14
3997 amr 82 15
3998 amr 82 16
3999 amr 82 17
4000 amr 82 18
4001 amr 82 19
4002 amr 82 20
4003 amr 82 21
4004 amr 82 22
4005 amr 83 1
4006 amr 83 2
4007 amr 83 3
4008 amr 83 4
4009 amr 83 5
4010 amr 83 6
4011 amr 83 7
4012 amr 83 8
4013 amr 83 9
4014 amr 83 10
4015 amr 83 11
4016 amr 83 12
4017 amr 83 13
4018 amr 83 14
4019 amr 83 15
4020 amr 83 16
4021 amr 83 17
4022 amr 83 18
4023 amr 83 19
4024 amr 83 20
4025 amr 83 21
4026 amr 83 22
4027 amr 84 1
4028 amr 84 2
4029 amr 84 3
4030 amr 84 4
4031 amr 84 5
4032 amr 84 6
4033 amr 84 7
4034 amr 84 8
4035 amr 84 9
4036 amr 84 10
4037 amr 84 11
4038 amr 84 12
4039 amr 84 13
4040 amr 84 14
4041 amr 84 15
4042 amr 84 16
4043 amr 84 17
4044 amr 84 18
4045 amr 84 19
4046 amr 84 20
4047 amr 84 21
4048 amr 84 22
4049 amr 85 1
4050 amr 85 2
4051 amr 85 3
4052 amr 85 4
4053 amr 85 5
4054 amr 85 6
4055 amr 85 7
4056 amr 85 8
4057 amr 85 9
4058 amr 85 10
4059 amr 85 11
4060 amr 85 12
4061 amr 85 13
4062 amr 85 14
4063 amr 85 15
4064 amr 85 16
4065 amr 85 17
4066 amr 85 18
4067 amr 85 19
4068 amr 85 20
4069 amr 85 21
4070 amr 85 22
4071 amr 86 1
4072 amr 86 2
4073 amr 86 3
4074 amr 86 4
4075 amr 86 5
4076 amr 86 6
4077 amr 86 7
4078 amr 86 8
4079 amr 86 9
4080 amr 86 10
4081 amr 86 11
4082 amr 86 12
4083 amr 86 13
4084 amr 86 14
4085 amr 86 15
4086 amr 86 16
4087 amr 86 17
4088 amr 86 18
4089 amr 86 19
4090 amr 86 20
4091 amr 86 21
4092 amr 86 22
4093 amr 87 1
4094 amr 87 2
4095 amr 87 3
4096 amr 87 4
4097 amr 87 5
4098 amr 87 6
4099 amr 87 7
4100 amr 87 8
4101 amr 87 9
4102 amr 87 10
4103 amr 87 11
4104 amr 87 12
4105 amr 87 13
4106 amr 87 14
4107 amr 87 15
4108 amr 87 16
4109 amr 87 17
4110 amr 87 18
4111 amr 87 19
4112 amr 87 20
4113 amr 87 21
4114 amr 87 22
4115 amr 88 1
4116 amr 88 2
4117 amr 88 3
4118 amr 88 4
4119 amr 88 5
4120 amr 88 6
4121 amr 88 7
4122 amr 88 8
4123 amr 88 9
4124 amr 88 10
4125 amr 88 11
4126 amr 88 12
4127 amr 88 13
4128 amr 88 14
4129 amr 88 15
4130 amr 88 16
4131 amr 88 17
4132 amr 88 18
4133 amr 88 19
4134 amr 88 20
4135 amr 88 21
4136 amr 88 22
4137 amr 89 1
4138 amr 89 2
4139 amr 89 3
4140 amr 89 4
4141 amr 89 5
4142 amr 89 6
4143 amr 89 7
4144 amr 89 8
4145 amr 89 9
4146 amr 89 10
4147 amr 89 11
4148 amr 89 12
4149 amr 89 13
4150 amr 89 14
4151 amr 89 15
4152 amr 89 16
4153 amr 89 17
4154 amr 89 18
4155 amr 89 19
4156 amr 89 20
4157 amr 89 21
4158 amr 89 22
4159 amr 90 1
4160 amr 90 2
4161 amr 90 3
4162 amr 90 4
4163 amr 90 5
4164 amr 90 6
4165 amr 90 7
4166 amr 90 8
4167 amr 90 9
4168 amr 90 10
4169 amr 90 11
4170 amr 90 12
4171 amr 90 13
4172 amr 90 14
4173 amr 90 15
4174 amr 90 16
4175 amr 90 17
4176 amr 90 18
4177 amr 90 19
4178 amr 90 20
4179 amr 90 21
4180 amr 90 22
4181 amr 91 1
4182 amr 91 2
4183 amr 91 3
4184 amr 91 4
4185 amr 91 5
4186 amr 91 6
4187 amr 91 7
4188 amr 91 8
4189 amr 91 9
4190 amr 91 10
4191 amr 91 11
4192 amr 91 12
4193 amr 91 13
4194 amr 91 14
4195 amr 91 15
4196 amr 91 16
4197 amr 91 17
4198 amr 91 18
4199 amr 91 19
4200 amr 91 20
4201 amr 91 21
4202 amr 91 22
4203 amr 92 1
4204 amr 92 2
4205 amr 92 3
4206 amr 92 4
4207 amr 92 5
4208 amr 92 6
4209 amr 92 7
4210 amr 92 8
4211 amr 92 9
4212 amr 92 10
4213 amr 92 11
4214 amr 92 12
4215 amr 92 13
4216 amr 92 14
4217 amr 92 15
4218 amr 92 16
4219 amr 92 17
4220 amr 92 18
4221 amr 92 19
4222 amr 92 20
4223 amr 92 21
4224 amr 92 22
4225 amr 93 1
4226 amr 93 2
4227 amr 93 3
4228 amr 93 4
4229 amr 93 5
4230 amr 93 6
4231 amr 93 7
4232 amr 93 8
4233 amr 93 9
4234 amr 93 10
4235 amr 93 11
4236 amr 93 12
4237 amr 93 13
4238 amr 93 14
4239 amr 93 15
4240 amr 93 16
4241 amr 93 17
4242 amr 93 18
4243 amr 93 19
4244 amr 93 20
4245 amr 93 21
4246 amr 93 22
4247 amr 94 1
4248 amr 94 2
4249 amr 94 3
4250 amr 94 4
4251 amr 94 5
4252 amr 94 6
4253 amr 94 7
4254 amr 94 8
4255 amr 94 9
4256 amr 94 10
4257 amr 94 11
4258 amr 94 12
4259 amr 94 13
4260 amr 94 14
4261 amr 94 15
4262 amr 94 16
4263 amr 94 17
4264 amr 94 18
4265 amr 94 19
4266 amr 94 20
4267 amr 94 21
4268 amr 94 22
4269 amr 95 1
4270 amr 95 2
4271 amr 95 3
4272 amr 95 4
4273 amr 95 5
4274 amr 95 6
4275 amr 95 7
4276 amr 95 8
4277 amr 95 9
4278 amr 95 10
4279 amr 95 11
4280 amr 95 12
4281 amr 95 13
4282 amr 95 14
4283 amr 95 15
4284 amr 95 16
4285 amr 95 17
4286 amr 95 18
4287 amr 95 19
4288 amr 95 20
4289 amr 95 21
4290 amr 95 22
4291 amr 96 1
4292 amr 96 2
4293 amr 96 3
4294 amr 96 4
4295 amr 96 5
4296 amr 96 6
4297 amr 96 7
4298 amr 96 8
4299 amr 96 9
4300 amr 96 10
4301 amr 96 11
4302 amr 96 12
4303 amr 96 13
4304 amr 96 14
4305 amr 96 15
4306 amr 96 16
4307 amr 96 17
4308 amr 96 18
4309 amr 96 19
4310 amr 96 20
4311 amr 96 21
4312 amr 96 22
4313 amr 97 1
4314 amr 97 2
4315 amr 97 3
4316 amr 97 4
4317 amr 97 5
4318 amr 97 6
4319 amr 97 7
4320 amr 97 8
4321 amr 97 9
4322 amr 97 10
4323 amr 97 11
4324 amr 97 12
4325 amr 97 13
4326 amr 97 14
4327 amr 97 15
4328 amr 97 16
4329 amr 97 17
4330 amr 97 18
4331 amr 97 19
4332 amr 97 20
4333 amr 97 21
4334 amr 97 22
4335 amr 98 1
4336 amr 98 2
4337 amr 98 3
4338 amr 98 4
4339 amr 98 5
4340 amr 98 6
4341 amr 98 7
4342 amr 98 8
4343 amr 98 9
4344 amr 98 10
4345 amr 98 11
4346 amr 98 12
4347 amr 98 13
4348 amr 98 14
4349 amr 98 15
4350 amr 98 16
4351 amr 98 17
4352 amr 98 18
4353 amr 98 19
4354 amr 98 20
4355 amr 98 21
4356 amr 98 22
4357 amr 99 1
4358 amr 99 2
4359 amr 99 3
4360 amr 99 4
4361 amr 99 5
4362 amr 99 6
4363 amr 99 7
4364 amr 99 8
4365 amr 99 9
4366 amr 99 10
4367 amr 99 11
4368 amr 99 12
4369 amr 99 13
4370 amr 99 14
4371 amr 99 15
4372 amr 99 16
4373 amr 99 17
4374 amr 99 18
4375 amr 99 19
4376 amr 99 20
4377 amr 99 21
4378 amr 99 22
4379 amr 100 1
4380 amr 100 2
4381 amr 100 3
4382 amr 100 4
4383 amr 100 5
4384 amr 100 6
4385 amr 100 7
4386 amr 100 8
4387 amr 100 9
4388 amr 100 10
4389 amr 100 11
4390 amr 100 12
4391 amr 100 13
4392 amr 100 14
4393 amr 100 15
4394 amr 100 16
4395 amr 100 17
4396 amr 100 18
4397 amr 100 19
4398 amr 100 20
4399 amr 100 21
4400 amr 100 22
4401 eas 1 1
4402 eas 1 2
4403 eas 1 3
4404 eas 1 4
4405 eas 1 5
4406 eas 1 6
4407 eas 1 7
4408 eas 1 8
4409 eas 1 9
4410 eas 1 10
4411 eas 1 11
4412 eas 1 12
4413 eas 1 13
4414 eas 1 14
4415 eas 1 15
4416 eas 1 16
4417 eas 1 17
4418 eas 1 18
4419 eas 1 19
4420 eas 1 20
4421 eas 1 21
4422 eas 1 22
4423 eas 2 1
4424 eas 2 2
4425 eas 2 3
4426 eas 2 4
4427 eas 2 5
4428 eas 2 6
4429 eas 2 7
4430 eas 2 8
4431 eas 2 9
4432 eas 2 10
4433 eas 2 11
4434 eas 2 12
4435 eas 2 13
4436 eas 2 14
4437 eas 2 15
4438 eas 2 16
4439 eas 2 17
4440 eas 2 18
4441 eas 2 19
4442 eas 2 20
4443 eas 2 21
4444 eas 2 22
4445 eas 3 1
4446 eas 3 2
4447 eas 3 3
4448 eas 3 4
4449 eas 3 5
4450 eas 3 6
4451 eas 3 7
4452 eas 3 8
4453 eas 3 9
4454 eas 3 10
4455 eas 3 11
4456 eas 3 12
4457 eas 3 13
4458 eas 3 14
4459 eas 3 15
4460 eas 3 16
4461 eas 3 17
4462 eas 3 18
4463 eas 3 19
4464 eas 3 20
4465 eas 3 21
4466 eas 3 22
4467 eas 4 1
4468 eas 4 2
4469 eas 4 3
4470 eas 4 4
4471 eas 4 5
4472 eas 4 6
4473 eas 4 7
4474 eas 4 8
4475 eas 4 9
4476 eas 4 10
4477 eas 4 11
4478 eas 4 12
4479 eas 4 13
4480 eas 4 14
4481 eas 4 15
4482 eas 4 16
4483 eas 4 17
4484 eas 4 18
4485 eas 4 19
4486 eas 4 20
4487 eas 4 21
4488 eas 4 22
4489 eas 5 1
4490 eas 5 2
4491 eas 5 3
4492 eas 5 4
4493 eas 5 5
4494 eas 5 6
4495 eas 5 7
4496 eas 5 8
4497 eas 5 9
4498 eas 5 10
4499 eas 5 11
4500 eas 5 12
4501 eas 5 13
4502 eas 5 14
4503 eas 5 15
4504 eas 5 16
4505 eas 5 17
4506 eas 5 18
4507 eas 5 19
4508 eas 5 20
4509 eas 5 21
4510 eas 5 22
4511 eas 6 1
4512 eas 6 2
4513 eas 6 3
4514 eas 6 4
4515 eas 6 5
4516 eas 6 6
4517 eas 6 7
4518 eas 6 8
4519 eas 6 9
4520 eas 6 10
4521 eas 6 11
4522 eas 6 12
4523 eas 6 13
4524 eas 6 14
4525 eas 6 15
4526 eas 6 16
4527 eas 6 17
4528 eas 6 18
4529 eas 6 19
4530 eas 6 20
4531 eas 6 21
4532 eas 6 22
4533 eas 7 1
4534 eas 7 2
4535 eas 7 3
4536 eas 7 4
4537 eas 7 5
4538 eas 7 6
4539 eas 7 7
4540 eas 7 8
4541 eas 7 9
4542 eas 7 10
4543 eas 7 11
4544 eas 7 12
4545 eas 7 13
4546 eas 7 14
4547 eas 7 15
4548 eas 7 16
4549 eas 7 17
4550 eas 7 18
4551 eas 7 19
4552 eas 7 20
4553 eas 7 21
4554 eas 7 22
4555 eas 8 1
4556 eas 8 2
4557 eas 8 3
4558 eas 8 4
4559 eas 8 5
4560 eas 8 6
4561 eas 8 7
4562 eas 8 8
4563 eas 8 9
4564 eas 8 10
4565 eas 8 11
4566 eas 8 12
4567 eas 8 13
4568 eas 8 14
4569 eas 8 15
4570 eas 8 16
4571 eas 8 17
4572 eas 8 18
4573 eas 8 19
4574 eas 8 20
4575 eas 8 21
4576 eas 8 22
4577 eas 9 1
4578 eas 9 2
4579 eas 9 3
4580 eas 9 4
4581 eas 9 5
4582 eas 9 6
4583 eas 9 7
4584 eas 9 8
4585 eas 9 9
4586 eas 9 10
4587 eas 9 11
4588 eas 9 12
4589 eas 9 13
4590 eas 9 14
4591 eas 9 15
4592 eas 9 16
4593 eas 9 17
4594 eas 9 18
4595 eas 9 19
4596 eas 9 20
4597 eas 9 21
4598 eas 9 22
4599 eas 10 1
4600 eas 10 2
4601 eas 10 3
4602 eas 10 4
4603 eas 10 5
4604 eas 10 6
4605 eas 10 7
4606 eas 10 8
4607 eas 10 9
4608 eas 10 10
4609 eas 10 11
4610 eas 10 12
4611 eas 10 13
4612 eas 10 14
4613 eas 10 15
4614 eas 10 16
4615 eas 10 17
4616 eas 10 18
4617 eas 10 19
4618 eas 10 20
4619 eas 10 21
4620 eas 10 22
4621 eas 11 1
4622 eas 11 2
4623 eas 11 3
4624 eas 11 4
4625 eas 11 5
4626 eas 11 6
4627 eas 11 7
4628 eas 11 8
4629 eas 11 9
4630 eas 11 10
4631 eas 11 11
4632 eas 11 12
4633 eas 11 13
4634 eas 11 14
4635 eas 11 15
4636 eas 11 16
4637 eas 11 17
4638 eas 11 18
4639 eas 11 19
4640 eas 11 20
4641 eas 11 21
4642 eas 11 22
4643 eas 12 1
4644 eas 12 2
4645 eas 12 3
4646 eas 12 4
4647 eas 12 5
4648 eas 12 6
4649 eas 12 7
4650 eas 12 8
4651 eas 12 9
4652 eas 12 10
4653 eas 12 11
4654 eas 12 12
4655 eas 12 13
4656 eas 12 14
4657 eas 12 15
4658 eas 12 16
4659 eas 12 17
4660 eas 12 18
4661 eas 12 19
4662 eas 12 20
4663 eas 12 21
4664 eas 12 22
4665 eas 13 1
4666 eas 13 2
4667 eas 13 3
4668 eas 13 4
4669 eas 13 5
4670 eas 13 6
4671 eas 13 7
4672 eas 13 8
4673 eas 13 9
4674 eas 13 10
4675 eas 13 11
4676 eas 13 12
4677 eas 13 13
4678 eas 13 14
4679 eas 13 15
4680 eas 13 16
4681 eas 13 17
4682 eas 13 18
4683 eas 13 19
4684 eas 13 20
4685 eas 13 21
4686 eas 13 22
4687 eas 14 1
4688 eas 14 2
4689 eas 14 3
4690 eas 14 4
4691 eas 14 5
4692 eas 14 6
4693 eas 14 7
4694 eas 14 8
4695 eas 14 9
4696 eas 14 10
4697 eas 14 11
4698 eas 14 12
4699 eas 14 13
4700 eas 14 14
4701 eas 14 15
4702 eas 14 16
4703 eas 14 17
4704 eas 14 18
4705 eas 14 19
4706 eas 14 20
4707 eas 14 21
4708 eas 14 22
4709 eas 15 1
4710 eas 15 2
4711 eas 15 3
4712 eas 15 4
4713 eas 15 5
4714 eas 15 6
4715 eas 15 7
4716 eas 15 8
4717 eas 15 9
4718 eas 15 10
4719 eas 15 11
4720 eas 15 12
4721 eas 15 13
4722 eas 15 14
4723 eas 15 15
4724 eas 15 16
4725 eas 15 17
4726 eas 15 18
4727 eas 15 19
4728 eas 15 20
4729 eas 15 21
4730 eas 15 22
4731 eas 16 1
4732 eas 16 2
4733 eas 16 3
4734 eas 16 4
4735 eas 16 5
4736 eas 16 6
4737 eas 16 7
4738 eas 16 8
4739 eas 16 9
4740 eas 16 10
4741 eas 16 11
4742 eas 16 12
4743 eas 16 13
4744 eas 16 14
4745 eas 16 15
4746 eas 16 16
4747 eas 16 17
4748 eas 16 18
4749 eas 16 19
4750 eas 16 20
4751 eas 16 21
4752 eas 16 22
4753 eas 17 1
4754 eas 17 2
4755 eas 17 3
4756 eas 17 4
4757 eas 17 5
4758 eas 17 6
4759 eas 17 7
4760 eas 17 8
4761 eas 17 9
4762 eas 17 10
4763 eas 17 11
4764 eas 17 12
4765 eas 17 13
4766 eas 17 14
4767 eas 17 15
4768 eas 17 16
4769 eas 17 17
4770 eas 17 18
4771 eas 17 19
4772 eas 17 20
4773 eas 17 21
4774 eas 17 22
4775 eas 18 1
4776 eas 18 2
4777 eas 18 3
4778 eas 18 4
4779 eas 18 5
4780 eas 18 6
4781 eas 18 7
4782 eas 18 8
4783 eas 18 9
4784 eas 18 10
4785 eas 18 11
4786 eas 18 12
4787 eas 18 13
4788 eas 18 14
4789 eas 18 15
4790 eas 18 16
4791 eas 18 17
4792 eas 18 18
4793 eas 18 19
4794 eas 18 20
4795 eas 18 21
4796 eas 18 22
4797 eas 19 1
4798 eas 19 2
4799 eas 19 3
4800 eas 19 4
4801 eas 19 5
4802 eas 19 6
4803 eas 19 7
4804 eas 19 8
4805 eas 19 9
4806 eas 19 10
4807 eas 19 11
4808 eas 19 12
4809 eas 19 13
4810 eas 19 14
4811 eas 19 15
4812 eas 19 16
4813 eas 19 17
4814 eas 19 18
4815 eas 19 19
4816 eas 19 20
4817 eas 19 21
4818 eas 19 22
4819 eas 20 1
4820 eas 20 2
4821 eas 20 3
4822 eas 20 4
4823 eas 20 5
4824 eas 20 6
4825 eas 20 7
4826 eas 20 8
4827 eas 20 9
4828 eas 20 10
4829 eas 20 11
4830 eas 20 12
4831 eas 20 13
4832 eas 20 14
4833 eas 20 15
4834 eas 20 16
4835 eas 20 17
4836 eas 20 18
4837 eas 20 19
4838 eas 20 20
4839 eas 20 21
4840 eas 20 22
4841 eas 21 1
4842 eas 21 2
4843 eas 21 3
4844 eas 21 4
4845 eas 21 5
4846 eas 21 6
4847 eas 21 7
4848 eas 21 8
4849 eas 21 9
4850 eas 21 10
4851 eas 21 11
4852 eas 21 12
4853 eas 21 13
4854 eas 21 14
4855 eas 21 15
4856 eas 21 16
4857 eas 21 17
4858 eas 21 18
4859 eas 21 19
4860 eas 21 20
4861 eas 21 21
4862 eas 21 22
4863 eas 22 1
4864 eas 22 2
4865 eas 22 3
4866 eas 22 4
4867 eas 22 5
4868 eas 22 6
4869 eas 22 7
4870 eas 22 8
4871 eas 22 9
4872 eas 22 10
4873 eas 22 11
4874 eas 22 12
4875 eas 22 13
4876 eas 22 14
4877 eas 22 15
4878 eas 22 16
4879 eas 22 17
4880 eas 22 18
4881 eas 22 19
4882 eas 22 20
4883 eas 22 21
4884 eas 22 22
4885 eas 23 1
4886 eas 23 2
4887 eas 23 3
4888 eas 23 4
4889 eas 23 5
4890 eas 23 6
4891 eas 23 7
4892 eas 23 8
4893 eas 23 9
4894 eas 23 10
4895 eas 23 11
4896 eas 23 12
4897 eas 23 13
4898 eas 23 14
4899 eas 23 15
4900 eas 23 16
4901 eas 23 17
4902 eas 23 18
4903 eas 23 19
4904 eas 23 20
4905 eas 23 21
4906 eas 23 22
4907 eas 24 1
4908 eas 24 2
4909 eas 24 3
4910 eas 24 4
4911 eas 24 5
4912 eas 24 6
4913 eas 24 7
4914 eas 24 8
4915 eas 24 9
4916 eas 24 10
4917 eas 24 11
4918 eas 24 12
4919 eas 24 13
4920 eas 24 14
4921 eas 24 15
4922 eas 24 16
4923 eas 24 17
4924 eas 24 18
4925 eas 24 19
4926 eas 24 20
4927 eas 24 21
4928 eas 24 22
4929 eas 25 1
4930 eas 25 2
4931 eas 25 3
4932 eas 25 4
4933 eas 25 5
4934 eas 25 6
4935 eas 25 7
4936 eas 25 8
4937 eas 25 9
4938 eas 25 10
4939 eas 25 11
4940 eas 25 12
4941 eas 25 13
4942 eas 25 14
4943 eas 25 15
4944 eas 25 16
4945 eas 25 17
4946 eas 25 18
4947 eas 25 19
4948 eas 25 20
4949 eas 25 21
4950 eas 25 22
4951 eas 26 1
4952 eas 26 2
4953 eas 26 3
4954 eas 26 4
4955 eas 26 5
4956 eas 26 6
4957 eas 26 7
4958 eas 26 8
4959 eas 26 9
4960 eas 26 10
4961 eas 26 11
4962 eas 26 12
4963 eas 26 13
4964 eas 26 14
4965 eas 26 15
4966 eas 26 16
4967 eas 26 17
4968 eas 26 18
4969 eas 26 19
4970 eas 26 20
4971 eas 26 21
4972 eas 26 22
4973 eas 27 1
4974 eas 27 2
4975 eas 27 3
4976 eas 27 4
4977 eas 27 5
4978 eas 27 6
4979 eas 27 7
4980 eas 27 8
4981 eas 27 9
4982 eas 27 10
4983 eas 27 11
4984 eas 27 12
4985 eas 27 13
4986 eas 27 14
4987 eas 27 15
4988 eas 27 16
4989 eas 27 17
4990 eas 27 18
4991 eas 27 19
4992 eas 27 20
4993 eas 27 21
4994 eas 27 22
4995 eas 28 1
4996 eas 28 2
4997 eas 28 3
4998 eas 28 4
4999 eas 28 5
5000 eas 28 6
5001 eas 28 7
5002 eas 28 8
5003 eas 28 9
5004 eas 28 10
5005 eas 28 11
5006 eas 28 12
5007 eas 28 13
5008 eas 28 14
5009 eas 28 15
5010 eas 28 16
5011 eas 28 17
5012 eas 28 18
5013 eas 28 19
5014 eas 28 20
5015 eas 28 21
5016 eas 28 22
5017 eas 29 1
5018 eas 29 2
5019 eas 29 3
5020 eas 29 4
5021 eas 29 5
5022 eas 29 6
5023 eas 29 7
5024 eas 29 8
5025 eas 29 9
5026 eas 29 10
5027 eas 29 11
5028 eas 29 12
5029 eas 29 13
5030 eas 29 14
5031 eas 29 15
5032 eas 29 16
5033 eas 29 17
5034 eas 29 18
5035 eas 29 19
5036 eas 29 20
5037 eas 29 21
5038 eas 29 22
5039 eas 30 1
5040 eas 30 2
5041 eas 30 3
5042 eas 30 4
5043 eas 30 5
5044 eas 30 6
5045 eas 30 7
5046 eas 30 8
5047 eas 30 9
5048 eas 30 10
5049 eas 30 11
5050 eas 30 12
5051 eas 30 13
5052 eas 30 14
5053 eas 30 15
5054 eas 30 16
5055 eas 30 17
5056 eas 30 18
5057 eas 30 19
5058 eas 30 20
5059 eas 30 21
5060 eas 30 22
5061 eas 31 1
5062 eas 31 2
5063 eas 31 3
5064 eas 31 4
5065 eas 31 5
5066 eas 31 6
5067 eas 31 7
5068 eas 31 8
5069 eas 31 9
5070 eas 31 10
5071 eas 31 11
5072 eas 31 12
5073 eas 31 13
5074 eas 31 14
5075 eas 31 15
5076 eas 31 16
5077 eas 31 17
5078 eas 31 18
5079 eas 31 19
5080 eas 31 20
5081 eas 31 21
5082 eas 31 22
5083 eas 32 1
5084 eas 32 2
5085 eas 32 3
5086 eas 32 4
5087 eas 32 5
5088 eas 32 6
5089 eas 32 7
5090 eas 32 8
5091 eas 32 9
5092 eas 32 10
5093 eas 32 11
5094 eas 32 12
5095 eas 32 13
5096 eas 32 14
5097 eas 32 15
5098 eas 32 16
5099 eas 32 17
5100 eas 32 18
5101 eas 32 19
5102 eas 32 20
5103 eas 32 21
5104 eas 32 22
5105 eas 33 1
5106 eas 33 2
5107 eas 33 3
5108 eas 33 4
5109 eas 33 5
5110 eas 33 6
5111 eas 33 7
5112 eas 33 8
5113 eas 33 9
5114 eas 33 10
5115 eas 33 11
5116 eas 33 12
5117 eas 33 13
5118 eas 33 14
5119 eas 33 15
5120 eas 33 16
5121 eas 33 17
5122 eas 33 18
5123 eas 33 19
5124 eas 33 20
5125 eas 33 21
5126 eas 33 22
5127 eas 34 1
5128 eas 34 2
5129 eas 34 3
5130 eas 34 4
5131 eas 34 5
5132 eas 34 6
5133 eas 34 7
5134 eas 34 8
5135 eas 34 9
5136 eas 34 10
5137 eas 34 11
5138 eas 34 12
5139 eas 34 13
5140 eas 34 14
5141 eas 34 15
5142 eas 34 16
5143 eas 34 17
5144 eas 34 18
5145 eas 34 19
5146 eas 34 20
5147 eas 34 21
5148 eas 34 22
5149 eas 35 1
5150 eas 35 2
5151 eas 35 3
5152 eas 35 4
5153 eas 35 5
5154 eas 35 6
5155 eas 35 7
5156 eas 35 8
5157 eas 35 9
5158 eas 35 10
5159 eas 35 11
5160 eas 35 12
5161 eas 35 13
5162 eas 35 14
5163 eas 35 15
5164 eas 35 16
5165 eas 35 17
5166 eas 35 18
5167 eas 35 19
5168 eas 35 20
5169 eas 35 21
5170 eas 35 22
5171 eas 36 1
5172 eas 36 2
5173 eas 36 3
5174 eas 36 4
5175 eas 36 5
5176 eas 36 6
5177 eas 36 7
5178 eas 36 8
5179 eas 36 9
5180 eas 36 10
5181 eas 36 11
5182 eas 36 12
5183 eas 36 13
5184 eas 36 14
5185 eas 36 15
5186 eas 36 16
5187 eas 36 17
5188 eas 36 18
5189 eas 36 19
5190 eas 36 20
5191 eas 36 21
5192 eas 36 22
5193 eas 37 1
5194 eas 37 2
5195 eas 37 3
5196 eas 37 4
5197 eas 37 5
5198 eas 37 6
5199 eas 37 7
5200 eas 37 8
5201 eas 37 9
5202 eas 37 10
5203 eas 37 11
5204 eas 37 12
5205 eas 37 13
5206 eas 37 14
5207 eas 37 15
5208 eas 37 16
5209 eas 37 17
5210 eas 37 18
5211 eas 37 19
5212 eas 37 20
5213 eas 37 21
5214 eas 37 22
5215 eas 38 1
5216 eas 38 2
5217 eas 38 3
5218 eas 38 4
5219 eas 38 5
5220 eas 38 6
5221 eas 38 7
5222 eas 38 8
5223 eas 38 9
5224 eas 38 10
5225 eas 38 11
5226 eas 38 12
5227 eas 38 13
5228 eas 38 14
5229 eas 38 15
5230 eas 38 16
5231 eas 38 17
5232 eas 38 18
5233 eas 38 19
5234 eas 38 20
5235 eas 38 21
5236 eas 38 22
5237 eas 39 1
5238 eas 39 2
5239 eas 39 3
5240 eas 39 4
5241 eas 39 5
5242 eas 39 6
5243 eas 39 7
5244 eas 39 8
5245 eas 39 9
5246 eas 39 10
5247 eas 39 11
5248 eas 39 12
5249 eas 39 13
5250 eas 39 14
5251 eas 39 15
5252 eas 39 16
5253 eas 39 17
5254 eas 39 18
5255 eas 39 19
5256 eas 39 20
5257 eas 39 21
5258 eas 39 22
5259 eas 40 1
5260 eas 40 2
5261 eas 40 3
5262 eas 40 4
5263 eas 40 5
5264 eas 40 6
5265 eas 40 7
5266 eas 40 8
5267 eas 40 9
5268 eas 40 10
5269 eas 40 11
5270 eas 40 12
5271 eas 40 13
5272 eas 40 14
5273 eas 40 15
5274 eas 40 16
5275 eas 40 17
5276 eas 40 18
5277 eas 40 19
5278 eas 40 20
5279 eas 40 21
5280 eas 40 22
5281 eas 41 1
5282 eas 41 2
5283 eas 41 3
5284 eas 41 4
5285 eas 41 5
5286 eas 41 6
5287 eas 41 7
5288 eas 41 8
5289 eas 41 9
5290 eas 41 10
5291 eas 41 11
5292 eas 41 12
5293 eas 41 13
5294 eas 41 14
5295 eas 41 15
5296 eas 41 16
5297 eas 41 17
5298 eas 41 18
5299 eas 41 19
5300 eas 41 20
5301 eas 41 21
5302 eas 41 22
5303 eas 42 1
5304 eas 42 2
5305 eas 42 3
5306 eas 42 4
5307 eas 42 5
5308 eas 42 6
5309 eas 42 7
5310 eas 42 8
5311 eas 42 9
5312 eas 42 10
5313 eas 42 11
5314 eas 42 12
5315 eas 42 13
5316 eas 42 14
5317 eas 42 15
5318 eas 42 16
5319 eas 42 17
5320 eas 42 18
5321 eas 42 19
5322 eas 42 20
5323 eas 42 21
5324 eas 42 22
5325 eas 43 1
5326 eas 43 2
5327 eas 43 3
5328 eas 43 4
5329 eas 43 5
5330 eas 43 6
5331 eas 43 7
5332 eas 43 8
5333 eas 43 9
5334 eas 43 10
5335 eas 43 11
5336 eas 43 12
5337 eas 43 13
5338 eas 43 14
5339 eas 43 15
5340 eas 43 16
5341 eas 43 17
5342 eas 43 18
5343 eas 43 19
5344 eas 43 20
5345 eas 43 21
5346 eas 43 22
5347 eas 44 1
5348 eas 44 2
5349 eas 44 3
5350 eas 44 4
5351 eas 44 5
5352 eas 44 6
5353 eas 44 7
5354 eas 44 8
5355 eas 44 9
5356 eas 44 10
5357 eas 44 11
5358 eas 44 12
5359 eas 44 13
5360 eas 44 14
5361 eas 44 15
5362 eas 44 16
5363 eas 44 17
5364 eas 44 18
5365 eas 44 19
5366 eas 44 20
5367 eas 44 21
5368 eas 44 22
5369 eas 45 1
5370 eas 45 2
5371 eas 45 3
5372 eas 45 4
5373 eas 45 5
5374 eas 45 6
5375 eas 45 7
5376 eas 45 8
5377 eas 45 9
5378 eas 45 10
5379 eas 45 11
5380 eas 45 12
5381 eas 45 13
5382 eas 45 14
5383 eas 45 15
5384 eas 45 16
5385 eas 45 17
5386 eas 45 18
5387 eas 45 19
5388 eas 45 20
5389 eas 45 21
5390 eas 45 22
5391 eas 46 1
5392 eas 46 2
5393 eas 46 3
5394 eas 46 4
5395 eas 46 5
5396 eas 46 6
5397 eas 46 7
5398 eas 46 8
5399 eas 46 9
5400 eas 46 10
5401 eas 46 11
5402 eas 46 12
5403 eas 46 13
5404 eas 46 14
5405 eas 46 15
5406 eas 46 16
5407 eas 46 17
5408 eas 46 18
5409 eas 46 19
5410 eas 46 20
5411 eas 46 21
5412 eas 46 22
5413 eas 47 1
5414 eas 47 2
5415 eas 47 3
5416 eas 47 4
5417 eas 47 5
5418 eas 47 6
5419 eas 47 7
5420 eas 47 8
5421 eas 47 9
5422 eas 47 10
5423 eas 47 11
5424 eas 47 12
5425 eas 47 13
5426 eas 47 14
5427 eas 47 15
5428 eas 47 16
5429 eas 47 17
5430 eas 47 18
5431 eas 47 19
5432 eas 47 20
5433 eas 47 21
5434 eas 47 22
5435 eas 48 1
5436 eas 48 2
5437 eas 48 3
5438 eas 48 4
5439 eas 48 5
5440 eas 48 6
5441 eas 48 7
5442 eas 48 8
5443 eas 48 9
5444 eas 48 10
5445 eas 48 11
5446 eas 48 12
5447 eas 48 13
5448 eas 48 14
5449 eas 48 15
5450 eas 48 16
5451 eas 48 17
5452 eas 48 18
5453 eas 48 19
5454 eas 48 20
5455 eas 48 21
5456 eas 48 22
5457 eas 49 1
5458 eas 49 2
5459 eas 49 3
5460 eas 49 4
5461 eas 49 5
5462 eas 49 6
5463 eas 49 7
5464 eas 49 8
5465 eas 49 9
5466 eas 49 10
5467 eas 49 11
5468 eas 49 12
5469 eas 49 13
5470 eas 49 14
5471 eas 49 15
5472 eas 49 16
5473 eas 49 17
5474 eas 49 18
5475 eas 49 19
5476 eas 49 20
5477 eas 49 21
5478 eas 49 22
5479 eas 50 1
5480 eas 50 2
5481 eas 50 3
5482 eas 50 4
5483 eas 50 5
5484 eas 50 6
5485 eas 50 7
5486 eas 50 8
5487 eas 50 9
5488 eas 50 10
5489 eas 50 11
5490 eas 50 12
5491 eas 50 13
5492 eas 50 14
5493 eas 50 15
5494 eas 50 16
5495 eas 50 17
5496 eas 50 18
5497 eas 50 19
5498 eas 50 20
5499 eas 50 21
5500 eas 50 22
5501 eas 51 1
5502 eas 51 2
5503 eas 51 3
5504 eas 51 4
5505 eas 51 5
5506 eas 51 6
5507 eas 51 7
5508 eas 51 8
5509 eas 51 9
5510 eas 51 10
5511 eas 51 11
5512 eas 51 12
5513 eas 51 13
5514 eas 51 14
5515 eas 51 15
5516 eas 51 16
5517 eas 51 17
5518 eas 51 18
5519 eas 51 19
5520 eas 51 20
5521 eas 51 21
5522 eas 51 22
5523 eas 52 1
5524 eas 52 2
5525 eas 52 3
5526 eas 52 4
5527 eas 52 5
5528 eas 52 6
5529 eas 52 7
5530 eas 52 8
5531 eas 52 9
5532 eas 52 10
5533 eas 52 11
5534 eas 52 12
5535 eas 52 13
5536 eas 52 14
5537 eas 52 15
5538 eas 52 16
5539 eas 52 17
5540 eas 52 18
5541 eas 52 19
5542 eas 52 20
5543 eas 52 21
5544 eas 52 22
5545 eas 53 1
5546 eas 53 2
5547 eas 53 3
5548 eas 53 4
5549 eas 53 5
5550 eas 53 6
5551 eas 53 7
5552 eas 53 8
5553 eas 53 9
5554 eas 53 10
5555 eas 53 11
5556 eas 53 12
5557 eas 53 13
5558 eas 53 14
5559 eas 53 15
5560 eas 53 16
5561 eas 53 17
5562 eas 53 18
5563 eas 53 19
5564 eas 53 20
5565 eas 53 21
5566 eas 53 22
5567 eas 54 1
5568 eas 54 2
5569 eas 54 3
5570 eas 54 4
5571 eas 54 5
5572 eas 54 6
5573 eas 54 7
5574 eas 54 8
5575 eas 54 9
5576 eas 54 10
5577 eas 54 11
5578 eas 54 12
5579 eas 54 13
5580 eas 54 14
5581 eas 54 15
5582 eas 54 16
5583 eas 54 17
5584 eas 54 18
5585 eas 54 19
5586 eas 54 20
5587 eas 54 21
5588 eas 54 22
5589 eas 55 1
5590 eas 55 2
5591 eas 55 3
5592 eas 55 4
5593 eas 55 5
5594 eas 55 6
5595 eas 55 7
5596 eas 55 8
5597 eas 55 9
5598 eas 55 10
5599 eas 55 11
5600 eas 55 12
5601 eas 55 13
5602 eas 55 14
5603 eas 55 15
5604 eas 55 16
5605 eas 55 17
5606 eas 55 18
5607 eas 55 19
5608 eas 55 20
5609 eas 55 21
5610 eas 55 22
5611 eas 56 1
5612 eas 56 2
5613 eas 56 3
5614 eas 56 4
5615 eas 56 5
5616 eas 56 6
5617 eas 56 7
5618 eas 56 8
5619 eas 56 9
5620 eas 56 10
5621 eas 56 11
5622 eas 56 12
5623 eas 56 13
5624 eas 56 14
5625 eas 56 15
5626 eas 56 16
5627 eas 56 17
5628 eas 56 18
5629 eas 56 19
5630 eas 56 20
5631 eas 56 21
5632 eas 56 22
5633 eas 57 1
5634 eas 57 2
5635 eas 57 3
5636 eas 57 4
5637 eas 57 5
5638 eas 57 6
5639 eas 57 7
5640 eas 57 8
5641 eas 57 9
5642 eas 57 10
5643 eas 57 11
5644 eas 57 12
5645 eas 57 13
5646 eas 57 14
5647 eas 57 15
5648 eas 57 16
5649 eas 57 17
5650 eas 57 18
5651 eas 57 19
5652 eas 57 20
5653 eas 57 21
5654 eas 57 22
5655 eas 58 1
5656 eas 58 2
5657 eas 58 3
5658 eas 58 4
5659 eas 58 5
5660 eas 58 6
5661 eas 58 7
5662 eas 58 8
5663 eas 58 9
5664 eas 58 10
5665 eas 58 11
5666 eas 58 12
5667 eas 58 13
5668 eas 58 14
5669 eas 58 15
5670 eas 58 16
5671 eas 58 17
5672 eas 58 18
5673 eas 58 19
5674 eas 58 20
5675 eas 58 21
5676 eas 58 22
5677 eas 59 1
5678 eas 59 2
5679 eas 59 3
5680 eas 59 4
5681 eas 59 5
5682 eas 59 6
5683 eas 59 7
5684 eas 59 8
5685 eas 59 9
5686 eas 59 10
5687 eas 59 11
5688 eas 59 12
5689 eas 59 13
5690 eas 59 14
5691 eas 59 15
5692 eas 59 16
5693 eas 59 17
5694 eas 59 18
5695 eas 59 19
5696 eas 59 20
5697 eas 59 21
5698 eas 59 22
5699 eas 60 1
5700 eas 60 2
5701 eas 60 3
5702 eas 60 4
5703 eas 60 5
5704 eas 60 6
5705 eas 60 7
5706 eas 60 8
5707 eas 60 9
5708 eas 60 10
5709 eas 60 11
5710 eas 60 12
5711 eas 60 13
5712 eas 60 14
5713 eas 60 15
5714 eas 60 16
5715 eas 60 17
5716 eas 60 18
5717 eas 60 19
5718 eas 60 20
5719 eas 60 21
5720 eas 60 22
5721 eas 61 1
5722 eas 61 2
5723 eas 61 3
5724 eas 61 4
5725 eas 61 5
5726 eas 61 6
5727 eas 61 7
5728 eas 61 8
5729 eas 61 9
5730 eas 61 10
5731 eas 61 11
5732 eas 61 12
5733 eas 61 13
5734 eas 61 14
5735 eas 61 15
5736 eas 61 16
5737 eas 61 17
5738 eas 61 18
5739 eas 61 19
5740 eas 61 20
5741 eas 61 21
5742 eas 61 22
5743 eas 62 1
5744 eas 62 2
5745 eas 62 3
5746 eas 62 4
5747 eas 62 5
5748 eas 62 6
5749 eas 62 7
5750 eas 62 8
5751 eas 62 9
5752 eas 62 10
5753 eas 62 11
5754 eas 62 12
5755 eas 62 13
5756 eas 62 14
5757 eas 62 15
5758 eas 62 16
5759 eas 62 17
5760 eas 62 18
5761 eas 62 19
5762 eas 62 20
5763 eas 62 21
5764 eas 62 22
5765 eas 63 1
5766 eas 63 2
5767 eas 63 3
5768 eas 63 4
5769 eas 63 5
5770 eas 63 6
5771 eas 63 7
5772 eas 63 8
5773 eas 63 9
5774 eas 63 10
5775 eas 63 11
5776 eas 63 12
5777 eas 63 13
5778 eas 63 14
5779 eas 63 15
5780 eas 63 16
5781 eas 63 17
5782 eas 63 18
5783 eas 63 19
5784 eas 63 20
5785 eas 63 21
5786 eas 63 22
5787 eas 64 1
5788 eas 64 2
5789 eas 64 3
5790 eas 64 4
5791 eas 64 5
5792 eas 64 6
5793 eas 64 7
5794 eas 64 8
5795 eas 64 9
5796 eas 64 10
5797 eas 64 11
5798 eas 64 12
5799 eas 64 13
5800 eas 64 14
5801 eas 64 15
5802 eas 64 16
5803 eas 64 17
5804 eas 64 18
5805 eas 64 19
5806 eas 64 20
5807 eas 64 21
5808 eas 64 22
5809 eas 65 1
5810 eas 65 2
5811 eas 65 3
5812 eas 65 4
5813 eas 65 5
5814 eas 65 6
5815 eas 65 7
5816 eas 65 8
5817 eas 65 9
5818 eas 65 10
5819 eas 65 11
5820 eas 65 12
5821 eas 65 13
5822 eas 65 14
5823 eas 65 15
5824 eas 65 16
5825 eas 65 17
5826 eas 65 18
5827 eas 65 19
5828 eas 65 20
5829 eas 65 21
5830 eas 65 22
5831 eas 66 1
5832 eas 66 2
5833 eas 66 3
5834 eas 66 4
5835 eas 66 5
5836 eas 66 6
5837 eas 66 7
5838 eas 66 8
5839 eas 66 9
5840 eas 66 10
5841 eas 66 11
5842 eas 66 12
5843 eas 66 13
5844 eas 66 14
5845 eas 66 15
5846 eas 66 16
5847 eas 66 17
5848 eas 66 18
5849 eas 66 19
5850 eas 66 20
5851 eas 66 21
5852 eas 66 22
5853 eas 67 1
5854 eas 67 2
5855 eas 67 3
5856 eas 67 4
5857 eas 67 5
5858 eas 67 6
5859 eas 67 7
5860 eas 67 8
5861 eas 67 9
5862 eas 67 10
5863 eas 67 11
5864 eas 67 12
5865 eas 67 13
5866 eas 67 14
5867 eas 67 15
5868 eas 67 16
5869 eas 67 17
5870 eas 67 18
5871 eas 67 19
5872 eas 67 20
5873 eas 67 21
5874 eas 67 22
5875 eas 68 1
5876 eas 68 2
5877 eas 68 3
5878 eas 68 4
5879 eas 68 5
5880 eas 68 6
5881 eas 68 7
5882 eas 68 8
5883 eas 68 9
5884 eas 68 10
5885 eas 68 11
5886 eas 68 12
5887 eas 68 13
5888 eas 68 14
5889 eas 68 15
5890 eas 68 16
5891 eas 68 17
5892 eas 68 18
5893 eas 68 19
5894 eas 68 20
5895 eas 68 21
5896 eas 68 22
5897 eas 69 1
5898 eas 69 2
5899 eas 69 3
5900 eas 69 4
5901 eas 69 5
5902 eas 69 6
5903 eas 69 7
5904 eas 69 8
5905 eas 69 9
5906 eas 69 10
5907 eas 69 11
5908 eas 69 12
5909 eas 69 13
5910 eas 69 14
5911 eas 69 15
5912 eas 69 16
5913 eas 69 17
5914 eas 69 18
5915 eas 69 19
5916 eas 69 20
5917 eas 69 21
5918 eas 69 22
5919 eas 70 1
5920 eas 70 2
5921 eas 70 3
5922 eas 70 4
5923 eas 70 5
5924 eas 70 6
5925 eas 70 7
5926 eas 70 8
5927 eas 70 9
5928 eas 70 10
5929 eas 70 11
5930 eas 70 12
5931 eas 70 13
5932 eas 70 14
5933 eas 70 15
5934 eas 70 16
5935 eas 70 17
5936 eas 70 18
5937 eas 70 19
5938 eas 70 20
5939 eas 70 21
5940 eas 70 22
5941 eas 71 1
5942 eas 71 2
5943 eas 71 3
5944 eas 71 4
5945 eas 71 5
5946 eas 71 6
5947 eas 71 7
5948 eas 71 8
5949 eas 71 9
5950 eas 71 10
5951 eas 71 11
5952 eas 71 12
5953 eas 71 13
5954 eas 71 14
5955 eas 71 15
5956 eas 71 16
5957 eas 71 17
5958 eas 71 18
5959 eas 71 19
5960 eas 71 20
5961 eas 71 21
5962 eas 71 22
5963 eas 72 1
5964 eas 72 2
5965 eas 72 3
5966 eas 72 4
5967 eas 72 5
5968 eas 72 6
5969 eas 72 7
5970 eas 72 8
5971 eas 72 9
5972 eas 72 10
5973 eas 72 11
5974 eas 72 12
5975 eas 72 13
5976 eas 72 14
5977 eas 72 15
5978 eas 72 16
5979 eas 72 17
5980 eas 72 18
5981 eas 72 19
5982 eas 72 20
5983 eas 72 21
5984 eas 72 22
5985 eas 73 1
5986 eas 73 2
5987 eas 73 3
5988 eas 73 4
5989 eas 73 5
5990 eas 73 6
5991 eas 73 7
5992 eas 73 8
5993 eas 73 9
5994 eas 73 10
5995 eas 73 11
5996 eas 73 12
5997 eas 73 13
5998 eas 73 14
5999 eas 73 15
6000 eas 73 16
6001 eas 73 17
6002 eas 73 18
6003 eas 73 19
6004 eas 73 20
6005 eas 73 21
6006 eas 73 22
6007 eas 74 1
6008 eas 74 2
6009 eas 74 3
6010 eas 74 4
6011 eas 74 5
6012 eas 74 6
6013 eas 74 7
6014 eas 74 8
6015 eas 74 9
6016 eas 74 10
6017 eas 74 11
6018 eas 74 12
6019 eas 74 13
6020 eas 74 14
6021 eas 74 15
6022 eas 74 16
6023 eas 74 17
6024 eas 74 18
6025 eas 74 19
6026 eas 74 20
6027 eas 74 21
6028 eas 74 22
6029 eas 75 1
6030 eas 75 2
6031 eas 75 3
6032 eas 75 4
6033 eas 75 5
6034 eas 75 6
6035 eas 75 7
6036 eas 75 8
6037 eas 75 9
6038 eas 75 10
6039 eas 75 11
6040 eas 75 12
6041 eas 75 13
6042 eas 75 14
6043 eas 75 15
6044 eas 75 16
6045 eas 75 17
6046 eas 75 18
6047 eas 75 19
6048 eas 75 20
6049 eas 75 21
6050 eas 75 22
6051 eas 76 1
6052 eas 76 2
6053 eas 76 3
6054 eas 76 4
6055 eas 76 5
6056 eas 76 6
6057 eas 76 7
6058 eas 76 8
6059 eas 76 9
6060 eas 76 10
6061 eas 76 11
6062 eas 76 12
6063 eas 76 13
6064 eas 76 14
6065 eas 76 15
6066 eas 76 16
6067 eas 76 17
6068 eas 76 18
6069 eas 76 19
6070 eas 76 20
6071 eas 76 21
6072 eas 76 22
6073 eas 77 1
6074 eas 77 2
6075 eas 77 3
6076 eas 77 4
6077 eas 77 5
6078 eas 77 6
6079 eas 77 7
6080 eas 77 8
6081 eas 77 9
6082 eas 77 10
6083 eas 77 11
6084 eas 77 12
6085 eas 77 13
6086 eas 77 14
6087 eas 77 15
6088 eas 77 16
6089 eas 77 17
6090 eas 77 18
6091 eas 77 19
6092 eas 77 20
6093 eas 77 21
6094 eas 77 22
6095 eas 78 1
6096 eas 78 2
6097 eas 78 3
6098 eas 78 4
6099 eas 78 5
6100 eas 78 6
6101 eas 78 7
6102 eas 78 8
6103 eas 78 9
6104 eas 78 10
6105 eas 78 11
6106 eas 78 12
6107 eas 78 13
6108 eas 78 14
6109 eas 78 15
6110 eas 78 16
6111 eas 78 17
6112 eas 78 18
6113 eas 78 19
6114 eas 78 20
6115 eas 78 21
6116 eas 78 22
6117 eas 79 1
6118 eas 79 2
6119 eas 79 3
6120 eas 79 4
6121 eas 79 5
6122 eas 79 6
6123 eas 79 7
6124 eas 79 8
6125 eas 79 9
6126 eas 79 10
6127 eas 79 11
6128 eas 79 12
6129 eas 79 13
6130 eas 79 14
6131 eas 79 15
6132 eas 79 16
6133 eas 79 17
6134 eas 79 18
6135 eas 79 19
6136 eas 79 20
6137 eas 79 21
6138 eas 79 22
6139 eas 80 1
6140 eas 80 2
6141 eas 80 3
6142 eas 80 4
6143 eas 80 5
6144 eas 80 6
6145 eas 80 7
6146 eas 80 8
6147 eas 80 9
6148 eas 80 10
6149 eas 80 11
6150 eas 80 12
6151 eas 80 13
6152 eas 80 14
6153 eas 80 15
6154 eas 80 16
6155 eas 80 17
6156 eas 80 18
6157 eas 80 19
6158 eas 80 20
6159 eas 80 21
6160 eas 80 22
6161 eas 81 1
6162 eas 81 2
6163 eas 81 3
6164 eas 81 4
6165 eas 81 5
6166 eas 81 6
6167 eas 81 7
6168 eas 81 8
6169 eas 81 9
6170 eas 81 10
6171 eas 81 11
6172 eas 81 12
6173 eas 81 13
6174 eas 81 14
6175 eas 81 15
6176 eas 81 16
6177 eas 81 17
6178 eas 81 18
6179 eas 81 19
6180 eas 81 20
6181 eas 81 21
6182 eas 81 22
6183 eas 82 1
6184 eas 82 2
6185 eas 82 3
6186 eas 82 4
6187 eas 82 5
6188 eas 82 6
6189 eas 82 7
6190 eas 82 8
6191 eas 82 9
6192 eas 82 10
6193 eas 82 11
6194 eas 82 12
6195 eas 82 13
6196 eas 82 14
6197 eas 82 15
6198 eas 82 16
6199 eas 82 17
6200 eas 82 18
6201 eas 82 19
6202 eas 82 20
6203 eas 82 21
6204 eas 82 22
6205 eas 83 1
6206 eas 83 2
6207 eas 83 3
6208 eas 83 4
6209 eas 83 5
6210 eas 83 6
6211 eas 83 7
6212 eas 83 8
6213 eas 83 9
6214 eas 83 10
6215 eas 83 11
6216 eas 83 12
6217 eas 83 13
6218 eas 83 14
6219 eas 83 15
6220 eas 83 16
6221 eas 83 17
6222 eas 83 18
6223 eas 83 19
6224 eas 83 20
6225 eas 83 21
6226 eas 83 22
6227 eas 84 1
6228 eas 84 2
6229 eas 84 3
6230 eas 84 4
6231 eas 84 5
6232 eas 84 6
6233 eas 84 7
6234 eas 84 8
6235 eas 84 9
6236 eas 84 10
6237 eas 84 11
6238 eas 84 12
6239 eas 84 13
6240 eas 84 14
6241 eas 84 15
6242 eas 84 16
6243 eas 84 17
6244 eas 84 18
6245 eas 84 19
6246 eas 84 20
6247 eas 84 21
6248 eas 84 22
6249 eas 85 1
6250 eas 85 2
6251 eas 85 3
6252 eas 85 4
6253 eas 85 5
6254 eas 85 6
6255 eas 85 7
6256 eas 85 8
6257 eas 85 9
6258 eas 85 10
6259 eas 85 11
6260 eas 85 12
6261 eas 85 13
6262 eas 85 14
6263 eas 85 15
6264 eas 85 16
6265 eas 85 17
6266 eas 85 18
6267 eas 85 19
6268 eas 85 20
6269 eas 85 21
6270 eas 85 22
6271 eas 86 1
6272 eas 86 2
6273 eas 86 3
6274 eas 86 4
6275 eas 86 5
6276 eas 86 6
6277 eas 86 7
6278 eas 86 8
6279 eas 86 9
6280 eas 86 10
6281 eas 86 11
6282 eas 86 12
6283 eas 86 13
6284 eas 86 14
6285 eas 86 15
6286 eas 86 16
6287 eas 86 17
6288 eas 86 18
6289 eas 86 19
6290 eas 86 20
6291 eas 86 21
6292 eas 86 22
6293 eas 87 1
6294 eas 87 2
6295 eas 87 3
6296 eas 87 4
6297 eas 87 5
6298 eas 87 6
6299 eas 87 7
6300 eas 87 8
6301 eas 87 9
6302 eas 87 10
6303 eas 87 11
6304 eas 87 12
6305 eas 87 13
6306 eas 87 14
6307 eas 87 15
6308 eas 87 16
6309 eas 87 17
6310 eas 87 18
6311 eas 87 19
6312 eas 87 20
6313 eas 87 21
6314 eas 87 22
6315 eas 88 1
6316 eas 88 2
6317 eas 88 3
6318 eas 88 4
6319 eas 88 5
6320 eas 88 6
6321 eas 88 7
6322 eas 88 8
6323 eas 88 9
6324 eas 88 10
6325 eas 88 11
6326 eas 88 12
6327 eas 88 13
6328 eas 88 14
6329 eas 88 15
6330 eas 88 16
6331 eas 88 17
6332 eas 88 18
6333 eas 88 19
6334 eas 88 20
6335 eas 88 21
6336 eas 88 22
6337 eas 89 1
6338 eas 89 2
6339 eas 89 3
6340 eas 89 4
6341 eas 89 5
6342 eas 89 6
6343 eas 89 7
6344 eas 89 8
6345 eas 89 9
6346 eas 89 10
6347 eas 89 11
6348 eas 89 12
6349 eas 89 13
6350 eas 89 14
6351 eas 89 15
6352 eas 89 16
6353 eas 89 17
6354 eas 89 18
6355 eas 89 19
6356 eas 89 20
6357 eas 89 21
6358 eas 89 22
6359 eas 90 1
6360 eas 90 2
6361 eas 90 3
6362 eas 90 4
6363 eas 90 5
6364 eas 90 6
6365 eas 90 7
6366 eas 90 8
6367 eas 90 9
6368 eas 90 10
6369 eas 90 11
6370 eas 90 12
6371 eas 90 13
6372 eas 90 14
6373 eas 90 15
6374 eas 90 16
6375 eas 90 17
6376 eas 90 18
6377 eas 90 19
6378 eas 90 20
6379 eas 90 21
6380 eas 90 22
6381 eas 91 1
6382 eas 91 2
6383 eas 91 3
6384 eas 91 4
6385 eas 91 5
6386 eas 91 6
6387 eas 91 7
6388 eas 91 8
6389 eas 91 9
6390 eas 91 10
6391 eas 91 11
6392 eas 91 12
6393 eas 91 13
6394 eas 91 14
6395 eas 91 15
6396 eas 91 16
6397 eas 91 17
6398 eas 91 18
6399 eas 91 19
6400 eas 91 20
6401 eas 91 21
6402 eas 91 22
6403 eas 92 1
6404 eas 92 2
6405 eas 92 3
6406 eas 92 4
6407 eas 92 5
6408 eas 92 6
6409 eas 92 7
6410 eas 92 8
6411 eas 92 9
6412 eas 92 10
6413 eas 92 11
6414 eas 92 12
6415 eas 92 13
6416 eas 92 14
6417 eas 92 15
6418 eas 92 16
6419 eas 92 17
6420 eas 92 18
6421 eas 92 19
6422 eas 92 20
6423 eas 92 21
6424 eas 92 22
6425 eas 93 1
6426 eas 93 2
6427 eas 93 3
6428 eas 93 4
6429 eas 93 5
6430 eas 93 6
6431 eas 93 7
6432 eas 93 8
6433 eas 93 9
6434 eas 93 10
6435 eas 93 11
6436 eas 93 12
6437 eas 93 13
6438 eas 93 14
6439 eas 93 15
6440 eas 93 16
6441 eas 93 17
6442 eas 93 18
6443 eas 93 19
6444 eas 93 20
6445 eas 93 21
6446 eas 93 22
6447 eas 94 1
6448 eas 94 2
6449 eas 94 3
6450 eas 94 4
6451 eas 94 5
6452 eas 94 6
6453 eas 94 7
6454 eas 94 8
6455 eas 94 9
6456 eas 94 10
6457 eas 94 11
6458 eas 94 12
6459 eas 94 13
6460 eas 94 14
6461 eas 94 15
6462 eas 94 16
6463 eas 94 17
6464 eas 94 18
6465 eas 94 19
6466 eas 94 20
6467 eas 94 21
6468 eas 94 22
6469 eas 95 1
6470 eas 95 2
6471 eas 95 3
6472 eas 95 4
6473 eas 95 5
6474 eas 95 6
6475 eas 95 7
6476 eas 95 8
6477 eas 95 9
6478 eas 95 10
6479 eas 95 11
6480 eas 95 12
6481 eas 95 13
6482 eas 95 14
6483 eas 95 15
6484 eas 95 16
6485 eas 95 17
6486 eas 95 18
6487 eas 95 19
6488 eas 95 20
6489 eas 95 21
6490 eas 95 22
6491 eas 96 1
6492 eas 96 2
6493 eas 96 3
6494 eas 96 4
6495 eas 96 5
6496 eas 96 6
6497 eas 96 7
6498 eas 96 8
6499 eas 96 9
6500 eas 96 10
6501 eas 96 11
6502 eas 96 12
6503 eas 96 13
6504 eas 96 14
6505 eas 96 15
6506 eas 96 16
6507 eas 96 17
6508 eas 96 18
6509 eas 96 19
6510 eas 96 20
6511 eas 96 21
6512 eas 96 22
6513 eas 97 1
6514 eas 97 2
6515 eas 97 3
6516 eas 97 4
6517 eas 97 5
6518 eas 97 6
6519 eas 97 7
6520 eas 97 8
6521 eas 97 9
6522 eas 97 10
6523 eas 97 11
6524 eas 97 12
6525 eas 97 13
6526 eas 97 14
6527 eas 97 15
6528 eas 97 16
6529 eas 97 17
6530 eas 97 18
6531 eas 97 19
6532 eas 97 20
6533 eas 97 21
6534 eas 97 22
6535 eas 98 1
6536 eas 98 2
6537 eas 98 3
6538 eas 98 4
6539 eas 98 5
6540 eas 98 6
6541 eas 98 7
6542 eas 98 8
6543 eas 98 9
6544 eas 98 10
6545 eas 98 11
6546 eas 98 12
6547 eas 98 13
6548 eas 98 14
6549 eas 98 15
6550 eas 98 16
6551 eas 98 17
6552 eas 98 18
6553 eas 98 19
6554 eas 98 20
6555 eas 98 21
6556 eas 98 22
6557 eas 99 1
6558 eas 99 2
6559 eas 99 3
6560 eas 99 4
6561 eas 99 5
6562 eas 99 6
6563 eas 99 7
6564 eas 99 8
6565 eas 99 9
6566 eas 99 10
6567 eas 99 11
6568 eas 99 12
6569 eas 99 13
6570 eas 99 14
6571 eas 99 15
6572 eas 99 16
6573 eas 99 17
6574 eas 99 18
6575 eas 99 19
6576 eas 99 20
6577 eas 99 21
6578 eas 99 22
6579 eas 100 1
6580 eas 100 2
6581 eas 100 3
6582 eas 100 4
6583 eas 100 5
6584 eas 100 6
6585 eas 100 7
6586 eas 100 8
6587 eas 100 9
6588 eas 100 10
6589 eas 100 11
6590 eas 100 12
6591 eas 100 13
6592 eas 100 14
6593 eas 100 15
6594 eas 100 16
6595 eas 100 17
6596 eas 100 18
6597 eas 100 19
6598 eas 100 20
6599 eas 100 21
6600 eas 100 22
6601 eur 1 1
6602 eur 1 2
6603 eur 1 3
6604 eur 1 4
6605 eur 1 5
6606 eur 1 6
6607 eur 1 7
6608 eur 1 8
6609 eur 1 9
6610 eur 1 10
6611 eur 1 11
6612 eur 1 12
6613 eur 1 13
6614 eur 1 14
6615 eur 1 15
6616 eur 1 16
6617 eur 1 17
6618 eur 1 18
6619 eur 1 19
6620 eur 1 20
6621 eur 1 21
6622 eur 1 22
6623 eur 2 1
6624 eur 2 2
6625 eur 2 3
6626 eur 2 4
6627 eur 2 5
6628 eur 2 6
6629 eur 2 7
6630 eur 2 8
6631 eur 2 9
6632 eur 2 10
6633 eur 2 11
6634 eur 2 12
6635 eur 2 13
6636 eur 2 14
6637 eur 2 15
6638 eur 2 16
6639 eur 2 17
6640 eur 2 18
6641 eur 2 19
6642 eur 2 20
6643 eur 2 21
6644 eur 2 22
6645 eur 3 1
6646 eur 3 2
6647 eur 3 3
6648 eur 3 4
6649 eur 3 5
6650 eur 3 6
6651 eur 3 7
6652 eur 3 8
6653 eur 3 9
6654 eur 3 10
6655 eur 3 11
6656 eur 3 12
6657 eur 3 13
6658 eur 3 14
6659 eur 3 15
6660 eur 3 16
6661 eur 3 17
6662 eur 3 18
6663 eur 3 19
6664 eur 3 20
6665 eur 3 21
6666 eur 3 22
6667 eur 4 1
6668 eur 4 2
6669 eur 4 3
6670 eur 4 4
6671 eur 4 5
6672 eur 4 6
6673 eur 4 7
6674 eur 4 8
6675 eur 4 9
6676 eur 4 10
6677 eur 4 11
6678 eur 4 12
6679 eur 4 13
6680 eur 4 14
6681 eur 4 15
6682 eur 4 16
6683 eur 4 17
6684 eur 4 18
6685 eur 4 19
6686 eur 4 20
6687 eur 4 21
6688 eur 4 22
6689 eur 5 1
6690 eur 5 2
6691 eur 5 3
6692 eur 5 4
6693 eur 5 5
6694 eur 5 6
6695 eur 5 7
6696 eur 5 8
6697 eur 5 9
6698 eur 5 10
6699 eur 5 11
6700 eur 5 12
6701 eur 5 13
6702 eur 5 14
6703 eur 5 15
6704 eur 5 16
6705 eur 5 17
6706 eur 5 18
6707 eur 5 19
6708 eur 5 20
6709 eur 5 21
6710 eur 5 22
6711 eur 6 1
6712 eur 6 2
6713 eur 6 3
6714 eur 6 4
6715 eur 6 5
6716 eur 6 6
6717 eur 6 7
6718 eur 6 8
6719 eur 6 9
6720 eur 6 10
6721 eur 6 11
6722 eur 6 12
6723 eur 6 13
6724 eur 6 14
6725 eur 6 15
6726 eur 6 16
6727 eur 6 17
6728 eur 6 18
6729 eur 6 19
6730 eur 6 20
6731 eur 6 21
6732 eur 6 22
6733 eur 7 1
6734 eur 7 2
6735 eur 7 3
6736 eur 7 4
6737 eur 7 5
6738 eur 7 6
6739 eur 7 7
6740 eur 7 8
6741 eur 7 9
6742 eur 7 10
6743 eur 7 11
6744 eur 7 12
6745 eur 7 13
6746 eur 7 14
6747 eur 7 15
6748 eur 7 16
6749 eur 7 17
6750 eur 7 18
6751 eur 7 19
6752 eur 7 20
6753 eur 7 21
6754 eur 7 22
6755 eur 8 1
6756 eur 8 2
6757 eur 8 3
6758 eur 8 4
6759 eur 8 5
6760 eur 8 6
6761 eur 8 7
6762 eur 8 8
6763 eur 8 9
6764 eur 8 10
6765 eur 8 11
6766 eur 8 12
6767 eur 8 13
6768 eur 8 14
6769 eur 8 15
6770 eur 8 16
6771 eur 8 17
6772 eur 8 18
6773 eur 8 19
6774 eur 8 20
6775 eur 8 21
6776 eur 8 22
6777 eur 9 1
6778 eur 9 2
6779 eur 9 3
6780 eur 9 4
6781 eur 9 5
6782 eur 9 6
6783 eur 9 7
6784 eur 9 8
6785 eur 9 9
6786 eur 9 10
6787 eur 9 11
6788 eur 9 12
6789 eur 9 13
6790 eur 9 14
6791 eur 9 15
6792 eur 9 16
6793 eur 9 17
6794 eur 9 18
6795 eur 9 19
6796 eur 9 20
6797 eur 9 21
6798 eur 9 22
6799 eur 10 1
6800 eur 10 2
6801 eur 10 3
6802 eur 10 4
6803 eur 10 5
6804 eur 10 6
6805 eur 10 7
6806 eur 10 8
6807 eur 10 9
6808 eur 10 10
6809 eur 10 11
6810 eur 10 12
6811 eur 10 13
6812 eur 10 14
6813 eur 10 15
6814 eur 10 16
6815 eur 10 17
6816 eur 10 18
6817 eur 10 19
6818 eur 10 20
6819 eur 10 21
6820 eur 10 22
6821 eur 11 1
6822 eur 11 2
6823 eur 11 3
6824 eur 11 4
6825 eur 11 5
6826 eur 11 6
6827 eur 11 7
6828 eur 11 8
6829 eur 11 9
6830 eur 11 10
6831 eur 11 11
6832 eur 11 12
6833 eur 11 13
6834 eur 11 14
6835 eur 11 15
6836 eur 11 16
6837 eur 11 17
6838 eur 11 18
6839 eur 11 19
6840 eur 11 20
6841 eur 11 21
6842 eur 11 22
6843 eur 12 1
6844 eur 12 2
6845 eur 12 3
6846 eur 12 4
6847 eur 12 5
6848 eur 12 6
6849 eur 12 7
6850 eur 12 8
6851 eur 12 9
6852 eur 12 10
6853 eur 12 11
6854 eur 12 12
6855 eur 12 13
6856 eur 12 14
6857 eur 12 15
6858 eur 12 16
6859 eur 12 17
6860 eur 12 18
6861 eur 12 19
6862 eur 12 20
6863 eur 12 21
6864 eur 12 22
6865 eur 13 1
6866 eur 13 2
6867 eur 13 3
6868 eur 13 4
6869 eur 13 5
6870 eur 13 6
6871 eur 13 7
6872 eur 13 8
6873 eur 13 9
6874 eur 13 10
6875 eur 13 11
6876 eur 13 12
6877 eur 13 13
6878 eur 13 14
6879 eur 13 15
6880 eur 13 16
6881 eur 13 17
6882 eur 13 18
6883 eur 13 19
6884 eur 13 20
6885 eur 13 21
6886 eur 13 22
6887 eur 14 1
6888 eur 14 2
6889 eur 14 3
6890 eur 14 4
6891 eur 14 5
6892 eur 14 6
6893 eur 14 7
6894 eur 14 8
6895 eur 14 9
6896 eur 14 10
6897 eur 14 11
6898 eur 14 12
6899 eur 14 13
6900 eur 14 14
6901 eur 14 15
6902 eur 14 16
6903 eur 14 17
6904 eur 14 18
6905 eur 14 19
6906 eur 14 20
6907 eur 14 21
6908 eur 14 22
6909 eur 15 1
6910 eur 15 2
6911 eur 15 3
6912 eur 15 4
6913 eur 15 5
6914 eur 15 6
6915 eur 15 7
6916 eur 15 8
6917 eur 15 9
6918 eur 15 10
6919 eur 15 11
6920 eur 15 12
6921 eur 15 13
6922 eur 15 14
6923 eur 15 15
6924 eur 15 16
6925 eur 15 17
6926 eur 15 18
6927 eur 15 19
6928 eur 15 20
6929 eur 15 21
6930 eur 15 22
6931 eur 16 1
6932 eur 16 2
6933 eur 16 3
6934 eur 16 4
6935 eur 16 5
6936 eur 16 6
6937 eur 16 7
6938 eur 16 8
6939 eur 16 9
6940 eur 16 10
6941 eur 16 11
6942 eur 16 12
6943 eur 16 13
6944 eur 16 14
6945 eur 16 15
6946 eur 16 16
6947 eur 16 17
6948 eur 16 18
6949 eur 16 19
6950 eur 16 20
6951 eur 16 21
6952 eur 16 22
6953 eur 17 1
6954 eur 17 2
6955 eur 17 3
6956 eur 17 4
6957 eur 17 5
6958 eur 17 6
6959 eur 17 7
6960 eur 17 8
6961 eur 17 9
6962 eur 17 10
6963 eur 17 11
6964 eur 17 12
6965 eur 17 13
6966 eur 17 14
6967 eur 17 15
6968 eur 17 16
6969 eur 17 17
6970 eur 17 18
6971 eur 17 19
6972 eur 17 20
6973 eur 17 21
6974 eur 17 22
6975 eur 18 1
6976 eur 18 2
6977 eur 18 3
6978 eur 18 4
6979 eur 18 5
6980 eur 18 6
6981 eur 18 7
6982 eur 18 8
6983 eur 18 9
6984 eur 18 10
6985 eur 18 11
6986 eur 18 12
6987 eur 18 13
6988 eur 18 14
6989 eur 18 15
6990 eur 18 16
6991 eur 18 17
6992 eur 18 18
6993 eur 18 19
6994 eur 18 20
6995 eur 18 21
6996 eur 18 22
6997 eur 19 1
6998 eur 19 2
6999 eur 19 3
7000 eur 19 4
7001 eur 19 5
7002 eur 19 6
7003 eur 19 7
7004 eur 19 8
7005 eur 19 9
7006 eur 19 10
7007 eur 19 11
7008 eur 19 12
7009 eur 19 13
7010 eur 19 14
7011 eur 19 15
7012 eur 19 16
7013 eur 19 17
7014 eur 19 18
7015 eur 19 19
7016 eur 19 20
7017 eur 19 21
7018 eur 19 22
7019 eur 20 1
7020 eur 20 2
7021 eur 20 3
7022 eur 20 4
7023 eur 20 5
7024 eur 20 6
7025 eur 20 7
7026 eur 20 8
7027 eur 20 9
7028 eur 20 10
7029 eur 20 11
7030 eur 20 12
7031 eur 20 13
7032 eur 20 14
7033 eur 20 15
7034 eur 20 16
7035 eur 20 17
7036 eur 20 18
7037 eur 20 19
7038 eur 20 20
7039 eur 20 21
7040 eur 20 22
7041 eur 21 1
7042 eur 21 2
7043 eur 21 3
7044 eur 21 4
7045 eur 21 5
7046 eur 21 6
7047 eur 21 7
7048 eur 21 8
7049 eur 21 9
7050 eur 21 10
7051 eur 21 11
7052 eur 21 12
7053 eur 21 13
7054 eur 21 14
7055 eur 21 15
7056 eur 21 16
7057 eur 21 17
7058 eur 21 18
7059 eur 21 19
7060 eur 21 20
7061 eur 21 21
7062 eur 21 22
7063 eur 22 1
7064 eur 22 2
7065 eur 22 3
7066 eur 22 4
7067 eur 22 5
7068 eur 22 6
7069 eur 22 7
7070 eur 22 8
7071 eur 22 9
7072 eur 22 10
7073 eur 22 11
7074 eur 22 12
7075 eur 22 13
7076 eur 22 14
7077 eur 22 15
7078 eur 22 16
7079 eur 22 17
7080 eur 22 18
7081 eur 22 19
7082 eur 22 20
7083 eur 22 21
7084 eur 22 22
7085 eur 23 1
7086 eur 23 2
7087 eur 23 3
7088 eur 23 4
7089 eur 23 5
7090 eur 23 6
7091 eur 23 7
7092 eur 23 8
7093 eur 23 9
7094 eur 23 10
7095 eur 23 11
7096 eur 23 12
7097 eur 23 13
7098 eur 23 14
7099 eur 23 15
7100 eur 23 16
7101 eur 23 17
7102 eur 23 18
7103 eur 23 19
7104 eur 23 20
7105 eur 23 21
7106 eur 23 22
7107 eur 24 1
7108 eur 24 2
7109 eur 24 3
7110 eur 24 4
7111 eur 24 5
7112 eur 24 6
7113 eur 24 7
7114 eur 24 8
7115 eur 24 9
7116 eur 24 10
7117 eur 24 11
7118 eur 24 12
7119 eur 24 13
7120 eur 24 14
7121 eur 24 15
7122 eur 24 16
7123 eur 24 17
7124 eur 24 18
7125 eur 24 19
7126 eur 24 20
7127 eur 24 21
7128 eur 24 22
7129 eur 25 1
7130 eur 25 2
7131 eur 25 3
7132 eur 25 4
7133 eur 25 5
7134 eur 25 6
7135 eur 25 7
7136 eur 25 8
7137 eur 25 9
7138 eur 25 10
7139 eur 25 11
7140 eur 25 12
7141 eur 25 13
7142 eur 25 14
7143 eur 25 15
7144 eur 25 16
7145 eur 25 17
7146 eur 25 18
7147 eur 25 19
7148 eur 25 20
7149 eur 25 21
7150 eur 25 22
7151 eur 26 1
7152 eur 26 2
7153 eur 26 3
7154 eur 26 4
7155 eur 26 5
7156 eur 26 6
7157 eur 26 7
7158 eur 26 8
7159 eur 26 9
7160 eur 26 10
7161 eur 26 11
7162 eur 26 12
7163 eur 26 13
7164 eur 26 14
7165 eur 26 15
7166 eur 26 16
7167 eur 26 17
7168 eur 26 18
7169 eur 26 19
7170 eur 26 20
7171 eur 26 21
7172 eur 26 22
7173 eur 27 1
7174 eur 27 2
7175 eur 27 3
7176 eur 27 4
7177 eur 27 5
7178 eur 27 6
7179 eur 27 7
7180 eur 27 8
7181 eur 27 9
7182 eur 27 10
7183 eur 27 11
7184 eur 27 12
7185 eur 27 13
7186 eur 27 14
7187 eur 27 15
7188 eur 27 16
7189 eur 27 17
7190 eur 27 18
7191 eur 27 19
7192 eur 27 20
7193 eur 27 21
7194 eur 27 22
7195 eur 28 1
7196 eur 28 2
7197 eur 28 3
7198 eur 28 4
7199 eur 28 5
7200 eur 28 6
7201 eur 28 7
7202 eur 28 8
7203 eur 28 9
7204 eur 28 10
7205 eur 28 11
7206 eur 28 12
7207 eur 28 13
7208 eur 28 14
7209 eur 28 15
7210 eur 28 16
7211 eur 28 17
7212 eur 28 18
7213 eur 28 19
7214 eur 28 20
7215 eur 28 21
7216 eur 28 22
7217 eur 29 1
7218 eur 29 2
7219 eur 29 3
7220 eur 29 4
7221 eur 29 5
7222 eur 29 6
7223 eur 29 7
7224 eur 29 8
7225 eur 29 9
7226 eur 29 10
7227 eur 29 11
7228 eur 29 12
7229 eur 29 13
7230 eur 29 14
7231 eur 29 15
7232 eur 29 16
7233 eur 29 17
7234 eur 29 18
7235 eur 29 19
7236 eur 29 20
7237 eur 29 21
7238 eur 29 22
7239 eur 30 1
7240 eur 30 2
7241 eur 30 3
7242 eur 30 4
7243 eur 30 5
7244 eur 30 6
7245 eur 30 7
7246 eur 30 8
7247 eur 30 9
7248 eur 30 10
7249 eur 30 11
7250 eur 30 12
7251 eur 30 13
7252 eur 30 14
7253 eur 30 15
7254 eur 30 16
7255 eur 30 17
7256 eur 30 18
7257 eur 30 19
7258 eur 30 20
7259 eur 30 21
7260 eur 30 22
7261 eur 31 1
7262 eur 31 2
7263 eur 31 3
7264 eur 31 4
7265 eur 31 5
7266 eur 31 6
7267 eur 31 7
7268 eur 31 8
7269 eur 31 9
7270 eur 31 10
7271 eur 31 11
7272 eur 31 12
7273 eur 31 13
7274 eur 31 14
7275 eur 31 15
7276 eur 31 16
7277 eur 31 17
7278 eur 31 18
7279 eur 31 19
7280 eur 31 20
7281 eur 31 21
7282 eur 31 22
7283 eur 32 1
7284 eur 32 2
7285 eur 32 3
7286 eur 32 4
7287 eur 32 5
7288 eur 32 6
7289 eur 32 7
7290 eur 32 8
7291 eur 32 9
7292 eur 32 10
7293 eur 32 11
7294 eur 32 12
7295 eur 32 13
7296 eur 32 14
7297 eur 32 15
7298 eur 32 16
7299 eur 32 17
7300 eur 32 18
7301 eur 32 19
7302 eur 32 20
7303 eur 32 21
7304 eur 32 22
7305 eur 33 1
7306 eur 33 2
7307 eur 33 3
7308 eur 33 4
7309 eur 33 5
7310 eur 33 6
7311 eur 33 7
7312 eur 33 8
7313 eur 33 9
7314 eur 33 10
7315 eur 33 11
7316 eur 33 12
7317 eur 33 13
7318 eur 33 14
7319 eur 33 15
7320 eur 33 16
7321 eur 33 17
7322 eur 33 18
7323 eur 33 19
7324 eur 33 20
7325 eur 33 21
7326 eur 33 22
7327 eur 34 1
7328 eur 34 2
7329 eur 34 3
7330 eur 34 4
7331 eur 34 5
7332 eur 34 6
7333 eur 34 7
7334 eur 34 8
7335 eur 34 9
7336 eur 34 10
7337 eur 34 11
7338 eur 34 12
7339 eur 34 13
7340 eur 34 14
7341 eur 34 15
7342 eur 34 16
7343 eur 34 17
7344 eur 34 18
7345 eur 34 19
7346 eur 34 20
7347 eur 34 21
7348 eur 34 22
7349 eur 35 1
7350 eur 35 2
7351 eur 35 3
7352 eur 35 4
7353 eur 35 5
7354 eur 35 6
7355 eur 35 7
7356 eur 35 8
7357 eur 35 9
7358 eur 35 10
7359 eur 35 11
7360 eur 35 12
7361 eur 35 13
7362 eur 35 14
7363 eur 35 15
7364 eur 35 16
7365 eur 35 17
7366 eur 35 18
7367 eur 35 19
7368 eur 35 20
7369 eur 35 21
7370 eur 35 22
7371 eur 36 1
7372 eur 36 2
7373 eur 36 3
7374 eur 36 4
7375 eur 36 5
7376 eur 36 6
7377 eur 36 7
7378 eur 36 8
7379 eur 36 9
7380 eur 36 10
7381 eur 36 11
7382 eur 36 12
7383 eur 36 13
7384 eur 36 14
7385 eur 36 15
7386 eur 36 16
7387 eur 36 17
7388 eur 36 18
7389 eur 36 19
7390 eur 36 20
7391 eur 36 21
7392 eur 36 22
7393 eur 37 1
7394 eur 37 2
7395 eur 37 3
7396 eur 37 4
7397 eur 37 5
7398 eur 37 6
7399 eur 37 7
7400 eur 37 8
7401 eur 37 9
7402 eur 37 10
7403 eur 37 11
7404 eur 37 12
7405 eur 37 13
7406 eur 37 14
7407 eur 37 15
7408 eur 37 16
7409 eur 37 17
7410 eur 37 18
7411 eur 37 19
7412 eur 37 20
7413 eur 37 21
7414 eur 37 22
7415 eur 38 1
7416 eur 38 2
7417 eur 38 3
7418 eur 38 4
7419 eur 38 5
7420 eur 38 6
7421 eur 38 7
7422 eur 38 8
7423 eur 38 9
7424 eur 38 10
7425 eur 38 11
7426 eur 38 12
7427 eur 38 13
7428 eur 38 14
7429 eur 38 15
7430 eur 38 16
7431 eur 38 17
7432 eur 38 18
7433 eur 38 19
7434 eur 38 20
7435 eur 38 21
7436 eur 38 22
7437 eur 39 1
7438 eur 39 2
7439 eur 39 3
7440 eur 39 4
7441 eur 39 5
7442 eur 39 6
7443 eur 39 7
7444 eur 39 8
7445 eur 39 9
7446 eur 39 10
7447 eur 39 11
7448 eur 39 12
7449 eur 39 13
7450 eur 39 14
7451 eur 39 15
7452 eur 39 16
7453 eur 39 17
7454 eur 39 18
7455 eur 39 19
7456 eur 39 20
7457 eur 39 21
7458 eur 39 22
7459 eur 40 1
7460 eur 40 2
7461 eur 40 3
7462 eur 40 4
7463 eur 40 5
7464 eur 40 6
7465 eur 40 7
7466 eur 40 8
7467 eur 40 9
7468 eur 40 10
7469 eur 40 11
7470 eur 40 12
7471 eur 40 13
7472 eur 40 14
7473 eur 40 15
7474 eur 40 16
7475 eur 40 17
7476 eur 40 18
7477 eur 40 19
7478 eur 40 20
7479 eur 40 21
7480 eur 40 22
7481 eur 41 1
7482 eur 41 2
7483 eur 41 3
7484 eur 41 4
7485 eur 41 5
7486 eur 41 6
7487 eur 41 7
7488 eur 41 8
7489 eur 41 9
7490 eur 41 10
7491 eur 41 11
7492 eur 41 12
7493 eur 41 13
7494 eur 41 14
7495 eur 41 15
7496 eur 41 16
7497 eur 41 17
7498 eur 41 18
7499 eur 41 19
7500 eur 41 20
7501 eur 41 21
7502 eur 41 22
7503 eur 42 1
7504 eur 42 2
7505 eur 42 3
7506 eur 42 4
7507 eur 42 5
7508 eur 42 6
7509 eur 42 7
7510 eur 42 8
7511 eur 42 9
7512 eur 42 10
7513 eur 42 11
7514 eur 42 12
7515 eur 42 13
7516 eur 42 14
7517 eur 42 15
7518 eur 42 16
7519 eur 42 17
7520 eur 42 18
7521 eur 42 19
7522 eur 42 20
7523 eur 42 21
7524 eur 42 22
7525 eur 43 1
7526 eur 43 2
7527 eur 43 3
7528 eur 43 4
7529 eur 43 5
7530 eur 43 6
7531 eur 43 7
7532 eur 43 8
7533 eur 43 9
7534 eur 43 10
7535 eur 43 11
7536 eur 43 12
7537 eur 43 13
7538 eur 43 14
7539 eur 43 15
7540 eur 43 16
7541 eur 43 17
7542 eur 43 18
7543 eur 43 19
7544 eur 43 20
7545 eur 43 21
7546 eur 43 22
7547 eur 44 1
7548 eur 44 2
7549 eur 44 3
7550 eur 44 4
7551 eur 44 5
7552 eur 44 6
7553 eur 44 7
7554 eur 44 8
7555 eur 44 9
7556 eur 44 10
7557 eur 44 11
7558 eur 44 12
7559 eur 44 13
7560 eur 44 14
7561 eur 44 15
7562 eur 44 16
7563 eur 44 17
7564 eur 44 18
7565 eur 44 19
7566 eur 44 20
7567 eur 44 21
7568 eur 44 22
7569 eur 45 1
7570 eur 45 2
7571 eur 45 3
7572 eur 45 4
7573 eur 45 5
7574 eur 45 6
7575 eur 45 7
7576 eur 45 8
7577 eur 45 9
7578 eur 45 10
7579 eur 45 11
7580 eur 45 12
7581 eur 45 13
7582 eur 45 14
7583 eur 45 15
7584 eur 45 16
7585 eur 45 17
7586 eur 45 18
7587 eur 45 19
7588 eur 45 20
7589 eur 45 21
7590 eur 45 22
7591 eur 46 1
7592 eur 46 2
7593 eur 46 3
7594 eur 46 4
7595 eur 46 5
7596 eur 46 6
7597 eur 46 7
7598 eur 46 8
7599 eur 46 9
7600 eur 46 10
7601 eur 46 11
7602 eur 46 12
7603 eur 46 13
7604 eur 46 14
7605 eur 46 15
7606 eur 46 16
7607 eur 46 17
7608 eur 46 18
7609 eur 46 19
7610 eur 46 20
7611 eur 46 21
7612 eur 46 22
7613 eur 47 1
7614 eur 47 2
7615 eur 47 3
7616 eur 47 4
7617 eur 47 5
7618 eur 47 6
7619 eur 47 7
7620 eur 47 8
7621 eur 47 9
7622 eur 47 10
7623 eur 47 11
7624 eur 47 12
7625 eur 47 13
7626 eur 47 14
7627 eur 47 15
7628 eur 47 16
7629 eur 47 17
7630 eur 47 18
7631 eur 47 19
7632 eur 47 20
7633 eur 47 21
7634 eur 47 22
7635 eur 48 1
7636 eur 48 2
7637 eur 48 3
7638 eur 48 4
7639 eur 48 5
7640 eur 48 6
7641 eur 48 7
7642 eur 48 8
7643 eur 48 9
7644 eur 48 10
7645 eur 48 11
7646 eur 48 12
7647 eur 48 13
7648 eur 48 14
7649 eur 48 15
7650 eur 48 16
7651 eur 48 17
7652 eur 48 18
7653 eur 48 19
7654 eur 48 20
7655 eur 48 21
7656 eur 48 22
7657 eur 49 1
7658 eur 49 2
7659 eur 49 3
7660 eur 49 4
7661 eur 49 5
7662 eur 49 6
7663 eur 49 7
7664 eur 49 8
7665 eur 49 9
7666 eur 49 10
7667 eur 49 11
7668 eur 49 12
7669 eur 49 13
7670 eur 49 14
7671 eur 49 15
7672 eur 49 16
7673 eur 49 17
7674 eur 49 18
7675 eur 49 19
7676 eur 49 20
7677 eur 49 21
7678 eur 49 22
7679 eur 50 1
7680 eur 50 2
7681 eur 50 3
7682 eur 50 4
7683 eur 50 5
7684 eur 50 6
7685 eur 50 7
7686 eur 50 8
7687 eur 50 9
7688 eur 50 10
7689 eur 50 11
7690 eur 50 12
7691 eur 50 13
7692 eur 50 14
7693 eur 50 15
7694 eur 50 16
7695 eur 50 17
7696 eur 50 18
7697 eur 50 19
7698 eur 50 20
7699 eur 50 21
7700 eur 50 22
7701 eur 51 1
7702 eur 51 2
7703 eur 51 3
7704 eur 51 4
7705 eur 51 5
7706 eur 51 6
7707 eur 51 7
7708 eur 51 8
7709 eur 51 9
7710 eur 51 10
7711 eur 51 11
7712 eur 51 12
7713 eur 51 13
7714 eur 51 14
7715 eur 51 15
7716 eur 51 16
7717 eur 51 17
7718 eur 51 18
7719 eur 51 19
7720 eur 51 20
7721 eur 51 21
7722 eur 51 22
7723 eur 52 1
7724 eur 52 2
7725 eur 52 3
7726 eur 52 4
7727 eur 52 5
7728 eur 52 6
7729 eur 52 7
7730 eur 52 8
7731 eur 52 9
7732 eur 52 10
7733 eur 52 11
7734 eur 52 12
7735 eur 52 13
7736 eur 52 14
7737 eur 52 15
7738 eur 52 16
7739 eur 52 17
7740 eur 52 18
7741 eur 52 19
7742 eur 52 20
7743 eur 52 21
7744 eur 52 22
7745 eur 53 1
7746 eur 53 2
7747 eur 53 3
7748 eur 53 4
7749 eur 53 5
7750 eur 53 6
7751 eur 53 7
7752 eur 53 8
7753 eur 53 9
7754 eur 53 10
7755 eur 53 11
7756 eur 53 12
7757 eur 53 13
7758 eur 53 14
7759 eur 53 15
7760 eur 53 16
7761 eur 53 17
7762 eur 53 18
7763 eur 53 19
7764 eur 53 20
7765 eur 53 21
7766 eur 53 22
7767 eur 54 1
7768 eur 54 2
7769 eur 54 3
7770 eur 54 4
7771 eur 54 5
7772 eur 54 6
7773 eur 54 7
7774 eur 54 8
7775 eur 54 9
7776 eur 54 10
7777 eur 54 11
7778 eur 54 12
7779 eur 54 13
7780 eur 54 14
7781 eur 54 15
7782 eur 54 16
7783 eur 54 17
7784 eur 54 18
7785 eur 54 19
7786 eur 54 20
7787 eur 54 21
7788 eur 54 22
7789 eur 55 1
7790 eur 55 2
7791 eur 55 3
7792 eur 55 4
7793 eur 55 5
7794 eur 55 6
7795 eur 55 7
7796 eur 55 8
7797 eur 55 9
7798 eur 55 10
7799 eur 55 11
7800 eur 55 12
7801 eur 55 13
7802 eur 55 14
7803 eur 55 15
7804 eur 55 16
7805 eur 55 17
7806 eur 55 18
7807 eur 55 19
7808 eur 55 20
7809 eur 55 21
7810 eur 55 22
7811 eur 56 1
7812 eur 56 2
7813 eur 56 3
7814 eur 56 4
7815 eur 56 5
7816 eur 56 6
7817 eur 56 7
7818 eur 56 8
7819 eur 56 9
7820 eur 56 10
7821 eur 56 11
7822 eur 56 12
7823 eur 56 13
7824 eur 56 14
7825 eur 56 15
7826 eur 56 16
7827 eur 56 17
7828 eur 56 18
7829 eur 56 19
7830 eur 56 20
7831 eur 56 21
7832 eur 56 22
7833 eur 57 1
7834 eur 57 2
7835 eur 57 3
7836 eur 57 4
7837 eur 57 5
7838 eur 57 6
7839 eur 57 7
7840 eur 57 8
7841 eur 57 9
7842 eur 57 10
7843 eur 57 11
7844 eur 57 12
7845 eur 57 13
7846 eur 57 14
7847 eur 57 15
7848 eur 57 16
7849 eur 57 17
7850 eur 57 18
7851 eur 57 19
7852 eur 57 20
7853 eur 57 21
7854 eur 57 22
7855 eur 58 1
7856 eur 58 2
7857 eur 58 3
7858 eur 58 4
7859 eur 58 5
7860 eur 58 6
7861 eur 58 7
7862 eur 58 8
7863 eur 58 9
7864 eur 58 10
7865 eur 58 11
7866 eur 58 12
7867 eur 58 13
7868 eur 58 14
7869 eur 58 15
7870 eur 58 16
7871 eur 58 17
7872 eur 58 18
7873 eur 58 19
7874 eur 58 20
7875 eur 58 21
7876 eur 58 22
7877 eur 59 1
7878 eur 59 2
7879 eur 59 3
7880 eur 59 4
7881 eur 59 5
7882 eur 59 6
7883 eur 59 7
7884 eur 59 8
7885 eur 59 9
7886 eur 59 10
7887 eur 59 11
7888 eur 59 12
7889 eur 59 13
7890 eur 59 14
7891 eur 59 15
7892 eur 59 16
7893 eur 59 17
7894 eur 59 18
7895 eur 59 19
7896 eur 59 20
7897 eur 59 21
7898 eur 59 22
7899 eur 60 1
7900 eur 60 2
7901 eur 60 3
7902 eur 60 4
7903 eur 60 5
7904 eur 60 6
7905 eur 60 7
7906 eur 60 8
7907 eur 60 9
7908 eur 60 10
7909 eur 60 11
7910 eur 60 12
7911 eur 60 13
7912 eur 60 14
7913 eur 60 15
7914 eur 60 16
7915 eur 60 17
7916 eur 60 18
7917 eur 60 19
7918 eur 60 20
7919 eur 60 21
7920 eur 60 22
7921 eur 61 1
7922 eur 61 2
7923 eur 61 3
7924 eur 61 4
7925 eur 61 5
7926 eur 61 6
7927 eur 61 7
7928 eur 61 8
7929 eur 61 9
7930 eur 61 10
7931 eur 61 11
7932 eur 61 12
7933 eur 61 13
7934 eur 61 14
7935 eur 61 15
7936 eur 61 16
7937 eur 61 17
7938 eur 61 18
7939 eur 61 19
7940 eur 61 20
7941 eur 61 21
7942 eur 61 22
7943 eur 62 1
7944 eur 62 2
7945 eur 62 3
7946 eur 62 4
7947 eur 62 5
7948 eur 62 6
7949 eur 62 7
7950 eur 62 8
7951 eur 62 9
7952 eur 62 10
7953 eur 62 11
7954 eur 62 12
7955 eur 62 13
7956 eur 62 14
7957 eur 62 15
7958 eur 62 16
7959 eur 62 17
7960 eur 62 18
7961 eur 62 19
7962 eur 62 20
7963 eur 62 21
7964 eur 62 22
7965 eur 63 1
7966 eur 63 2
7967 eur 63 3
7968 eur 63 4
7969 eur 63 5
7970 eur 63 6
7971 eur 63 7
7972 eur 63 8
7973 eur 63 9
7974 eur 63 10
7975 eur 63 11
7976 eur 63 12
7977 eur 63 13
7978 eur 63 14
7979 eur 63 15
7980 eur 63 16
7981 eur 63 17
7982 eur 63 18
7983 eur 63 19
7984 eur 63 20
7985 eur 63 21
7986 eur 63 22
7987 eur 64 1
7988 eur 64 2
7989 eur 64 3
7990 eur 64 4
7991 eur 64 5
7992 eur 64 6
7993 eur 64 7
7994 eur 64 8
7995 eur 64 9
7996 eur 64 10
7997 eur 64 11
7998 eur 64 12
7999 eur 64 13
8000 eur 64 14
8001 eur 64 15
8002 eur 64 16
8003 eur 64 17
8004 eur 64 18
8005 eur 64 19
8006 eur 64 20
8007 eur 64 21
8008 eur 64 22
8009 eur 65 1
8010 eur 65 2
8011 eur 65 3
8012 eur 65 4
8013 eur 65 5
8014 eur 65 6
8015 eur 65 7
8016 eur 65 8
8017 eur 65 9
8018 eur 65 10
8019 eur 65 11
8020 eur 65 12
8021 eur 65 13
8022 eur 65 14
8023 eur 65 15
8024 eur 65 16
8025 eur 65 17
8026 eur 65 18
8027 eur 65 19
8028 eur 65 20
8029 eur 65 21
8030 eur 65 22
8031 eur 66 1
8032 eur 66 2
8033 eur 66 3
8034 eur 66 4
8035 eur 66 5
8036 eur 66 6
8037 eur 66 7
8038 eur 66 8
8039 eur 66 9
8040 eur 66 10
8041 eur 66 11
8042 eur 66 12
8043 eur 66 13
8044 eur 66 14
8045 eur 66 15
8046 eur 66 16
8047 eur 66 17
8048 eur 66 18
8049 eur 66 19
8050 eur 66 20
8051 eur 66 21
8052 eur 66 22
8053 eur 67 1
8054 eur 67 2
8055 eur 67 3
8056 eur 67 4
8057 eur 67 5
8058 eur 67 6
8059 eur 67 7
8060 eur 67 8
8061 eur 67 9
8062 eur 67 10
8063 eur 67 11
8064 eur 67 12
8065 eur 67 13
8066 eur 67 14
8067 eur 67 15
8068 eur 67 16
8069 eur 67 17
8070 eur 67 18
8071 eur 67 19
8072 eur 67 20
8073 eur 67 21
8074 eur 67 22
8075 eur 68 1
8076 eur 68 2
8077 eur 68 3
8078 eur 68 4
8079 eur 68 5
8080 eur 68 6
8081 eur 68 7
8082 eur 68 8
8083 eur 68 9
8084 eur 68 10
8085 eur 68 11
8086 eur 68 12
8087 eur 68 13
8088 eur 68 14
8089 eur 68 15
8090 eur 68 16
8091 eur 68 17
8092 eur 68 18
8093 eur 68 19
8094 eur 68 20
8095 eur 68 21
8096 eur 68 22
8097 eur 69 1
8098 eur 69 2
8099 eur 69 3
8100 eur 69 4
8101 eur 69 5
8102 eur 69 6
8103 eur 69 7
8104 eur 69 8
8105 eur 69 9
8106 eur 69 10
8107 eur 69 11
8108 eur 69 12
8109 eur 69 13
8110 eur 69 14
8111 eur 69 15
8112 eur 69 16
8113 eur 69 17
8114 eur 69 18
8115 eur 69 19
8116 eur 69 20
8117 eur 69 21
8118 eur 69 22
8119 eur 70 1
8120 eur 70 2
8121 eur 70 3
8122 eur 70 4
8123 eur 70 5
8124 eur 70 6
8125 eur 70 7
8126 eur 70 8
8127 eur 70 9
8128 eur 70 10
8129 eur 70 11
8130 eur 70 12
8131 eur 70 13
8132 eur 70 14
8133 eur 70 15
8134 eur 70 16
8135 eur 70 17
8136 eur 70 18
8137 eur 70 19
8138 eur 70 20
8139 eur 70 21
8140 eur 70 22
8141 eur 71 1
8142 eur 71 2
8143 eur 71 3
8144 eur 71 4
8145 eur 71 5
8146 eur 71 6
8147 eur 71 7
8148 eur 71 8
8149 eur 71 9
8150 eur 71 10
8151 eur 71 11
8152 eur 71 12
8153 eur 71 13
8154 eur 71 14
8155 eur 71 15
8156 eur 71 16
8157 eur 71 17
8158 eur 71 18
8159 eur 71 19
8160 eur 71 20
8161 eur 71 21
8162 eur 71 22
8163 eur 72 1
8164 eur 72 2
8165 eur 72 3
8166 eur 72 4
8167 eur 72 5
8168 eur 72 6
8169 eur 72 7
8170 eur 72 8
8171 eur 72 9
8172 eur 72 10
8173 eur 72 11
8174 eur 72 12
8175 eur 72 13
8176 eur 72 14
8177 eur 72 15
8178 eur 72 16
8179 eur 72 17
8180 eur 72 18
8181 eur 72 19
8182 eur 72 20
8183 eur 72 21
8184 eur 72 22
8185 eur 73 1
8186 eur 73 2
8187 eur 73 3
8188 eur 73 4
8189 eur 73 5
8190 eur 73 6
8191 eur 73 7
8192 eur 73 8
8193 eur 73 9
8194 eur 73 10
8195 eur 73 11
8196 eur 73 12
8197 eur 73 13
8198 eur 73 14
8199 eur 73 15
8200 eur 73 16
8201 eur 73 17
8202 eur 73 18
8203 eur 73 19
8204 eur 73 20
8205 eur 73 21
8206 eur 73 22
8207 eur 74 1
8208 eur 74 2
8209 eur 74 3
8210 eur 74 4
8211 eur 74 5
8212 eur 74 6
8213 eur 74 7
8214 eur 74 8
8215 eur 74 9
8216 eur 74 10
8217 eur 74 11
8218 eur 74 12
8219 eur 74 13
8220 eur 74 14
8221 eur 74 15
8222 eur 74 16
8223 eur 74 17
8224 eur 74 18
8225 eur 74 19
8226 eur 74 20
8227 eur 74 21
8228 eur 74 22
8229 eur 75 1
8230 eur 75 2
8231 eur 75 3
8232 eur 75 4
8233 eur 75 5
8234 eur 75 6
8235 eur 75 7
8236 eur 75 8
8237 eur 75 9
8238 eur 75 10
8239 eur 75 11
8240 eur 75 12
8241 eur 75 13
8242 eur 75 14
8243 eur 75 15
8244 eur 75 16
8245 eur 75 17
8246 eur 75 18
8247 eur 75 19
8248 eur 75 20
8249 eur 75 21
8250 eur 75 22
8251 eur 76 1
8252 eur 76 2
8253 eur 76 3
8254 eur 76 4
8255 eur 76 5
8256 eur 76 6
8257 eur 76 7
8258 eur 76 8
8259 eur 76 9
8260 eur 76 10
8261 eur 76 11
8262 eur 76 12
8263 eur 76 13
8264 eur 76 14
8265 eur 76 15
8266 eur 76 16
8267 eur 76 17
8268 eur 76 18
8269 eur 76 19
8270 eur 76 20
8271 eur 76 21
8272 eur 76 22
8273 eur 77 1
8274 eur 77 2
8275 eur 77 3
8276 eur 77 4
8277 eur 77 5
8278 eur 77 6
8279 eur 77 7
8280 eur 77 8
8281 eur 77 9
8282 eur 77 10
8283 eur 77 11
8284 eur 77 12
8285 eur 77 13
8286 eur 77 14
8287 eur 77 15
8288 eur 77 16
8289 eur 77 17
8290 eur 77 18
8291 eur 77 19
8292 eur 77 20
8293 eur 77 21
8294 eur 77 22
8295 eur 78 1
8296 eur 78 2
8297 eur 78 3
8298 eur 78 4
8299 eur 78 5
8300 eur 78 6
8301 eur 78 7
8302 eur 78 8
8303 eur 78 9
8304 eur 78 10
8305 eur 78 11
8306 eur 78 12
8307 eur 78 13
8308 eur 78 14
8309 eur 78 15
8310 eur 78 16
8311 eur 78 17
8312 eur 78 18
8313 eur 78 19
8314 eur 78 20
8315 eur 78 21
8316 eur 78 22
8317 eur 79 1
8318 eur 79 2
8319 eur 79 3
8320 eur 79 4
8321 eur 79 5
8322 eur 79 6
8323 eur 79 7
8324 eur 79 8
8325 eur 79 9
8326 eur 79 10
8327 eur 79 11
8328 eur 79 12
8329 eur 79 13
8330 eur 79 14
8331 eur 79 15
8332 eur 79 16
8333 eur 79 17
8334 eur 79 18
8335 eur 79 19
8336 eur 79 20
8337 eur 79 21
8338 eur 79 22
8339 eur 80 1
8340 eur 80 2
8341 eur 80 3
8342 eur 80 4
8343 eur 80 5
8344 eur 80 6
8345 eur 80 7
8346 eur 80 8
8347 eur 80 9
8348 eur 80 10
8349 eur 80 11
8350 eur 80 12
8351 eur 80 13
8352 eur 80 14
8353 eur 80 15
8354 eur 80 16
8355 eur 80 17
8356 eur 80 18
8357 eur 80 19
8358 eur 80 20
8359 eur 80 21
8360 eur 80 22
8361 eur 81 1
8362 eur 81 2
8363 eur 81 3
8364 eur 81 4
8365 eur 81 5
8366 eur 81 6
8367 eur 81 7
8368 eur 81 8
8369 eur 81 9
8370 eur 81 10
8371 eur 81 11
8372 eur 81 12
8373 eur 81 13
8374 eur 81 14
8375 eur 81 15
8376 eur 81 16
8377 eur 81 17
8378 eur 81 18
8379 eur 81 19
8380 eur 81 20
8381 eur 81 21
8382 eur 81 22
8383 eur 82 1
8384 eur 82 2
8385 eur 82 3
8386 eur 82 4
8387 eur 82 5
8388 eur 82 6
8389 eur 82 7
8390 eur 82 8
8391 eur 82 9
8392 eur 82 10
8393 eur 82 11
8394 eur 82 12
8395 eur 82 13
8396 eur 82 14
8397 eur 82 15
8398 eur 82 16
8399 eur 82 17
8400 eur 82 18
8401 eur 82 19
8402 eur 82 20
8403 eur 82 21
8404 eur 82 22
8405 eur 83 1
8406 eur 83 2
8407 eur 83 3
8408 eur 83 4
8409 eur 83 5
8410 eur 83 6
8411 eur 83 7
8412 eur 83 8
8413 eur 83 9
8414 eur 83 10
8415 eur 83 11
8416 eur 83 12
8417 eur 83 13
8418 eur 83 14
8419 eur 83 15
8420 eur 83 16
8421 eur 83 17
8422 eur 83 18
8423 eur 83 19
8424 eur 83 20
8425 eur 83 21
8426 eur 83 22
8427 eur 84 1
8428 eur 84 2
8429 eur 84 3
8430 eur 84 4
8431 eur 84 5
8432 eur 84 6
8433 eur 84 7
8434 eur 84 8
8435 eur 84 9
8436 eur 84 10
8437 eur 84 11
8438 eur 84 12
8439 eur 84 13
8440 eur 84 14
8441 eur 84 15
8442 eur 84 16
8443 eur 84 17
8444 eur 84 18
8445 eur 84 19
8446 eur 84 20
8447 eur 84 21
8448 eur 84 22
8449 eur 85 1
8450 eur 85 2
8451 eur 85 3
8452 eur 85 4
8453 eur 85 5
8454 eur 85 6
8455 eur 85 7
8456 eur 85 8
8457 eur 85 9
8458 eur 85 10
8459 eur 85 11
8460 eur 85 12
8461 eur 85 13
8462 eur 85 14
8463 eur 85 15
8464 eur 85 16
8465 eur 85 17
8466 eur 85 18
8467 eur 85 19
8468 eur 85 20
8469 eur 85 21
8470 eur 85 22
8471 eur 86 1
8472 eur 86 2
8473 eur 86 3
8474 eur 86 4
8475 eur 86 5
8476 eur 86 6
8477 eur 86 7
8478 eur 86 8
8479 eur 86 9
8480 eur 86 10
8481 eur 86 11
8482 eur 86 12
8483 eur 86 13
8484 eur 86 14
8485 eur 86 15
8486 eur 86 16
8487 eur 86 17
8488 eur 86 18
8489 eur 86 19
8490 eur 86 20
8491 eur 86 21
8492 eur 86 22
8493 eur 87 1
8494 eur 87 2
8495 eur 87 3
8496 eur 87 4
8497 eur 87 5
8498 eur 87 6
8499 eur 87 7
8500 eur 87 8
8501 eur 87 9
8502 eur 87 10
8503 eur 87 11
8504 eur 87 12
8505 eur 87 13
8506 eur 87 14
8507 eur 87 15
8508 eur 87 16
8509 eur 87 17
8510 eur 87 18
8511 eur 87 19
8512 eur 87 20
8513 eur 87 21
8514 eur 87 22
8515 eur 88 1
8516 eur 88 2
8517 eur 88 3
8518 eur 88 4
8519 eur 88 5
8520 eur 88 6
8521 eur 88 7
8522 eur 88 8
8523 eur 88 9
8524 eur 88 10
8525 eur 88 11
8526 eur 88 12
8527 eur 88 13
8528 eur 88 14
8529 eur 88 15
8530 eur 88 16
8531 eur 88 17
8532 eur 88 18
8533 eur 88 19
8534 eur 88 20
8535 eur 88 21
8536 eur 88 22
8537 eur 89 1
8538 eur 89 2
8539 eur 89 3
8540 eur 89 4
8541 eur 89 5
8542 eur 89 6
8543 eur 89 7
8544 eur 89 8
8545 eur 89 9
8546 eur 89 10
8547 eur 89 11
8548 eur 89 12
8549 eur 89 13
8550 eur 89 14
8551 eur 89 15
8552 eur 89 16
8553 eur 89 17
8554 eur 89 18
8555 eur 89 19
8556 eur 89 20
8557 eur 89 21
8558 eur 89 22
8559 eur 90 1
8560 eur 90 2
8561 eur 90 3
8562 eur 90 4
8563 eur 90 5
8564 eur 90 6
8565 eur 90 7
8566 eur 90 8
8567 eur 90 9
8568 eur 90 10
8569 eur 90 11
8570 eur 90 12
8571 eur 90 13
8572 eur 90 14
8573 eur 90 15
8574 eur 90 16
8575 eur 90 17
8576 eur 90 18
8577 eur 90 19
8578 eur 90 20
8579 eur 90 21
8580 eur 90 22
8581 eur 91 1
8582 eur 91 2
8583 eur 91 3
8584 eur 91 4
8585 eur 91 5
8586 eur 91 6
8587 eur 91 7
8588 eur 91 8
8589 eur 91 9
8590 eur 91 10
8591 eur 91 11
8592 eur 91 12
8593 eur 91 13
8594 eur 91 14
8595 eur 91 15
8596 eur 91 16
8597 eur 91 17
8598 eur 91 18
8599 eur 91 19
8600 eur 91 20
8601 eur 91 21
8602 eur 91 22
8603 eur 92 1
8604 eur 92 2
8605 eur 92 3
8606 eur 92 4
8607 eur 92 5
8608 eur 92 6
8609 eur 92 7
8610 eur 92 8
8611 eur 92 9
8612 eur 92 10
8613 eur 92 11
8614 eur 92 12
8615 eur 92 13
8616 eur 92 14
8617 eur 92 15
8618 eur 92 16
8619 eur 92 17
8620 eur 92 18
8621 eur 92 19
8622 eur 92 20
8623 eur 92 21
8624 eur 92 22
8625 eur 93 1
8626 eur 93 2
8627 eur 93 3
8628 eur 93 4
8629 eur 93 5
8630 eur 93 6
8631 eur 93 7
8632 eur 93 8
8633 eur 93 9
8634 eur 93 10
8635 eur 93 11
8636 eur 93 12
8637 eur 93 13
8638 eur 93 14
8639 eur 93 15
8640 eur 93 16
8641 eur 93 17
8642 eur 93 18
8643 eur 93 19
8644 eur 93 20
8645 eur 93 21
8646 eur 93 22
8647 eur 94 1
8648 eur 94 2
8649 eur 94 3
8650 eur 94 4
8651 eur 94 5
8652 eur 94 6
8653 eur 94 7
8654 eur 94 8
8655 eur 94 9
8656 eur 94 10
8657 eur 94 11
8658 eur 94 12
8659 eur 94 13
8660 eur 94 14
8661 eur 94 15
8662 eur 94 16
8663 eur 94 17
8664 eur 94 18
8665 eur 94 19
8666 eur 94 20
8667 eur 94 21
8668 eur 94 22
8669 eur 95 1
8670 eur 95 2
8671 eur 95 3
8672 eur 95 4
8673 eur 95 5
8674 eur 95 6
8675 eur 95 7
8676 eur 95 8
8677 eur 95 9
8678 eur 95 10
8679 eur 95 11
8680 eur 95 12
8681 eur 95 13
8682 eur 95 14
8683 eur 95 15
8684 eur 95 16
8685 eur 95 17
8686 eur 95 18
8687 eur 95 19
8688 eur 95 20
8689 eur 95 21
8690 eur 95 22
8691 eur 96 1
8692 eur 96 2
8693 eur 96 3
8694 eur 96 4
8695 eur 96 5
8696 eur 96 6
8697 eur 96 7
8698 eur 96 8
8699 eur 96 9
8700 eur 96 10
8701 eur 96 11
8702 eur 96 12
8703 eur 96 13
8704 eur 96 14
8705 eur 96 15
8706 eur 96 16
8707 eur 96 17
8708 eur 96 18
8709 eur 96 19
8710 eur 96 20
8711 eur 96 21
8712 eur 96 22
8713 eur 97 1
8714 eur 97 2
8715 eur 97 3
8716 eur 97 4
8717 eur 97 5
8718 eur 97 6
8719 eur 97 7
8720 eur 97 8
8721 eur 97 9
8722 eur 97 10
8723 eur 97 11
8724 eur 97 12
8725 eur 97 13
8726 eur 97 14
8727 eur 97 15
8728 eur 97 16
8729 eur 97 17
8730 eur 97 18
8731 eur 97 19
8732 eur 97 20
8733 eur 97 21
8734 eur 97 22
8735 eur 98 1
8736 eur 98 2
8737 eur 98 3
8738 eur 98 4
8739 eur 98 5
8740 eur 98 6
8741 eur 98 7
8742 eur 98 8
8743 eur 98 9
8744 eur 98 10
8745 eur 98 11
8746 eur 98 12
8747 eur 98 13
8748 eur 98 14
8749 eur 98 15
8750 eur 98 16
8751 eur 98 17
8752 eur 98 18
8753 eur 98 19
8754 eur 98 20
8755 eur 98 21
8756 eur 98 22
8757 eur 99 1
8758 eur 99 2
8759 eur 99 3
8760 eur 99 4
8761 eur 99 5
8762 eur 99 6
8763 eur 99 7
8764 eur 99 8
8765 eur 99 9
8766 eur 99 10
8767 eur 99 11
8768 eur 99 12
8769 eur 99 13
8770 eur 99 14
8771 eur 99 15
8772 eur 99 16
8773 eur 99 17
8774 eur 99 18
8775 eur 99 19
8776 eur 99 20
8777 eur 99 21
8778 eur 99 22
8779 eur 100 1
8780 eur 100 2
8781 eur 100 3
8782 eur 100 4
8783 eur 100 5
8784 eur 100 6
8785 eur 100 7
8786 eur 100 8
8787 eur 100 9
8788 eur 100 10
8789 eur 100 11
8790 eur 100 12
8791 eur 100 13
8792 eur 100 14
8793 eur 100 15
8794 eur 100 16
8795 eur 100 17
8796 eur 100 18
8797 eur 100 19
8798 eur 100 20
8799 eur 100 21
8800 eur 100 22
8801 sas 1 1
8802 sas 1 2
8803 sas 1 3
8804 sas 1 4
8805 sas 1 5
8806 sas 1 6
8807 sas 1 7
8808 sas 1 8
8809 sas 1 9
8810 sas 1 10
8811 sas 1 11
8812 sas 1 12
8813 sas 1 13
8814 sas 1 14
8815 sas 1 15
8816 sas 1 16
8817 sas 1 17
8818 sas 1 18
8819 sas 1 19
8820 sas 1 20
8821 sas 1 21
8822 sas 1 22
8823 sas 2 1
8824 sas 2 2
8825 sas 2 3
8826 sas 2 4
8827 sas 2 5
8828 sas 2 6
8829 sas 2 7
8830 sas 2 8
8831 sas 2 9
8832 sas 2 10
8833 sas 2 11
8834 sas 2 12
8835 sas 2 13
8836 sas 2 14
8837 sas 2 15
8838 sas 2 16
8839 sas 2 17
8840 sas 2 18
8841 sas 2 19
8842 sas 2 20
8843 sas 2 21
8844 sas 2 22
8845 sas 3 1
8846 sas 3 2
8847 sas 3 3
8848 sas 3 4
8849 sas 3 5
8850 sas 3 6
8851 sas 3 7
8852 sas 3 8
8853 sas 3 9
8854 sas 3 10
8855 sas 3 11
8856 sas 3 12
8857 sas 3 13
8858 sas 3 14
8859 sas 3 15
8860 sas 3 16
8861 sas 3 17
8862 sas 3 18
8863 sas 3 19
8864 sas 3 20
8865 sas 3 21
8866 sas 3 22
8867 sas 4 1
8868 sas 4 2
8869 sas 4 3
8870 sas 4 4
8871 sas 4 5
8872 sas 4 6
8873 sas 4 7
8874 sas 4 8
8875 sas 4 9
8876 sas 4 10
8877 sas 4 11
8878 sas 4 12
8879 sas 4 13
8880 sas 4 14
8881 sas 4 15
8882 sas 4 16
8883 sas 4 17
8884 sas 4 18
8885 sas 4 19
8886 sas 4 20
8887 sas 4 21
8888 sas 4 22
8889 sas 5 1
8890 sas 5 2
8891 sas 5 3
8892 sas 5 4
8893 sas 5 5
8894 sas 5 6
8895 sas 5 7
8896 sas 5 8
8897 sas 5 9
8898 sas 5 10
8899 sas 5 11
8900 sas 5 12
8901 sas 5 13
8902 sas 5 14
8903 sas 5 15
8904 sas 5 16
8905 sas 5 17
8906 sas 5 18
8907 sas 5 19
8908 sas 5 20
8909 sas 5 21
8910 sas 5 22
8911 sas 6 1
8912 sas 6 2
8913 sas 6 3
8914 sas 6 4
8915 sas 6 5
8916 sas 6 6
8917 sas 6 7
8918 sas 6 8
8919 sas 6 9
8920 sas 6 10
8921 sas 6 11
8922 sas 6 12
8923 sas 6 13
8924 sas 6 14
8925 sas 6 15
8926 sas 6 16
8927 sas 6 17
8928 sas 6 18
8929 sas 6 19
8930 sas 6 20
8931 sas 6 21
8932 sas 6 22
8933 sas 7 1
8934 sas 7 2
8935 sas 7 3
8936 sas 7 4
8937 sas 7 5
8938 sas 7 6
8939 sas 7 7
8940 sas 7 8
8941 sas 7 9
8942 sas 7 10
8943 sas 7 11
8944 sas 7 12
8945 sas 7 13
8946 sas 7 14
8947 sas 7 15
8948 sas 7 16
8949 sas 7 17
8950 sas 7 18
8951 sas 7 19
8952 sas 7 20
8953 sas 7 21
8954 sas 7 22
8955 sas 8 1
8956 sas 8 2
8957 sas 8 3
8958 sas 8 4
8959 sas 8 5
8960 sas 8 6
8961 sas 8 7
8962 sas 8 8
8963 sas 8 9
8964 sas 8 10
8965 sas 8 11
8966 sas 8 12
8967 sas 8 13
8968 sas 8 14
8969 sas 8 15
8970 sas 8 16
8971 sas 8 17
8972 sas 8 18
8973 sas 8 19
8974 sas 8 20
8975 sas 8 21
8976 sas 8 22
8977 sas 9 1
8978 sas 9 2
8979 sas 9 3
8980 sas 9 4
8981 sas 9 5
8982 sas 9 6
8983 sas 9 7
8984 sas 9 8
8985 sas 9 9
8986 sas 9 10
8987 sas 9 11
8988 sas 9 12
8989 sas 9 13
8990 sas 9 14
8991 sas 9 15
8992 sas 9 16
8993 sas 9 17
8994 sas 9 18
8995 sas 9 19
8996 sas 9 20
8997 sas 9 21
8998 sas 9 22
8999 sas 10 1
9000 sas 10 2
9001 sas 10 3
9002 sas 10 4
9003 sas 10 5
9004 sas 10 6
9005 sas 10 7
9006 sas 10 8
9007 sas 10 9
9008 sas 10 10
9009 sas 10 11
9010 sas 10 12
9011 sas 10 13
9012 sas 10 14
9013 sas 10 15
9014 sas 10 16
9015 sas 10 17
9016 sas 10 18
9017 sas 10 19
9018 sas 10 20
9019 sas 10 21
9020 sas 10 22
9021 sas 11 1
9022 sas 11 2
9023 sas 11 3
9024 sas 11 4
9025 sas 11 5
9026 sas 11 6
9027 sas 11 7
9028 sas 11 8
9029 sas 11 9
9030 sas 11 10
9031 sas 11 11
9032 sas 11 12
9033 sas 11 13
9034 sas 11 14
9035 sas 11 15
9036 sas 11 16
9037 sas 11 17
9038 sas 11 18
9039 sas 11 19
9040 sas 11 20
9041 sas 11 21
9042 sas 11 22
9043 sas 12 1
9044 sas 12 2
9045 sas 12 3
9046 sas 12 4
9047 sas 12 5
9048 sas 12 6
9049 sas 12 7
9050 sas 12 8
9051 sas 12 9
9052 sas 12 10
9053 sas 12 11
9054 sas 12 12
9055 sas 12 13
9056 sas 12 14
9057 sas 12 15
9058 sas 12 16
9059 sas 12 17
9060 sas 12 18
9061 sas 12 19
9062 sas 12 20
9063 sas 12 21
9064 sas 12 22
9065 sas 13 1
9066 sas 13 2
9067 sas 13 3
9068 sas 13 4
9069 sas 13 5
9070 sas 13 6
9071 sas 13 7
9072 sas 13 8
9073 sas 13 9
9074 sas 13 10
9075 sas 13 11
9076 sas 13 12
9077 sas 13 13
9078 sas 13 14
9079 sas 13 15
9080 sas 13 16
9081 sas 13 17
9082 sas 13 18
9083 sas 13 19
9084 sas 13 20
9085 sas 13 21
9086 sas 13 22
9087 sas 14 1
9088 sas 14 2
9089 sas 14 3
9090 sas 14 4
9091 sas 14 5
9092 sas 14 6
9093 sas 14 7
9094 sas 14 8
9095 sas 14 9
9096 sas 14 10
9097 sas 14 11
9098 sas 14 12
9099 sas 14 13
9100 sas 14 14
9101 sas 14 15
9102 sas 14 16
9103 sas 14 17
9104 sas 14 18
9105 sas 14 19
9106 sas 14 20
9107 sas 14 21
9108 sas 14 22
9109 sas 15 1
9110 sas 15 2
9111 sas 15 3
9112 sas 15 4
9113 sas 15 5
9114 sas 15 6
9115 sas 15 7
9116 sas 15 8
9117 sas 15 9
9118 sas 15 10
9119 sas 15 11
9120 sas 15 12
9121 sas 15 13
9122 sas 15 14
9123 sas 15 15
9124 sas 15 16
9125 sas 15 17
9126 sas 15 18
9127 sas 15 19
9128 sas 15 20
9129 sas 15 21
9130 sas 15 22
9131 sas 16 1
9132 sas 16 2
9133 sas 16 3
9134 sas 16 4
9135 sas 16 5
9136 sas 16 6
9137 sas 16 7
9138 sas 16 8
9139 sas 16 9
9140 sas 16 10
9141 sas 16 11
9142 sas 16 12
9143 sas 16 13
9144 sas 16 14
9145 sas 16 15
9146 sas 16 16
9147 sas 16 17
9148 sas 16 18
9149 sas 16 19
9150 sas 16 20
9151 sas 16 21
9152 sas 16 22
9153 sas 17 1
9154 sas 17 2
9155 sas 17 3
9156 sas 17 4
9157 sas 17 5
9158 sas 17 6
9159 sas 17 7
9160 sas 17 8
9161 sas 17 9
9162 sas 17 10
9163 sas 17 11
9164 sas 17 12
9165 sas 17 13
9166 sas 17 14
9167 sas 17 15
9168 sas 17 16
9169 sas 17 17
9170 sas 17 18
9171 sas 17 19
9172 sas 17 20
9173 sas 17 21
9174 sas 17 22
9175 sas 18 1
9176 sas 18 2
9177 sas 18 3
9178 sas 18 4
9179 sas 18 5
9180 sas 18 6
9181 sas 18 7
9182 sas 18 8
9183 sas 18 9
9184 sas 18 10
9185 sas 18 11
9186 sas 18 12
9187 sas 18 13
9188 sas 18 14
9189 sas 18 15
9190 sas 18 16
9191 sas 18 17
9192 sas 18 18
9193 sas 18 19
9194 sas 18 20
9195 sas 18 21
9196 sas 18 22
9197 sas 19 1
9198 sas 19 2
9199 sas 19 3
9200 sas 19 4
9201 sas 19 5
9202 sas 19 6
9203 sas 19 7
9204 sas 19 8
9205 sas 19 9
9206 sas 19 10
9207 sas 19 11
9208 sas 19 12
9209 sas 19 13
9210 sas 19 14
9211 sas 19 15
9212 sas 19 16
9213 sas 19 17
9214 sas 19 18
9215 sas 19 19
9216 sas 19 20
9217 sas 19 21
9218 sas 19 22
9219 sas 20 1
9220 sas 20 2
9221 sas 20 3
9222 sas 20 4
9223 sas 20 5
9224 sas 20 6
9225 sas 20 7
9226 sas 20 8
9227 sas 20 9
9228 sas 20 10
9229 sas 20 11
9230 sas 20 12
9231 sas 20 13
9232 sas 20 14
9233 sas 20 15
9234 sas 20 16
9235 sas 20 17
9236 sas 20 18
9237 sas 20 19
9238 sas 20 20
9239 sas 20 21
9240 sas 20 22
9241 sas 21 1
9242 sas 21 2
9243 sas 21 3
9244 sas 21 4
9245 sas 21 5
9246 sas 21 6
9247 sas 21 7
9248 sas 21 8
9249 sas 21 9
9250 sas 21 10
9251 sas 21 11
9252 sas 21 12
9253 sas 21 13
9254 sas 21 14
9255 sas 21 15
9256 sas 21 16
9257 sas 21 17
9258 sas 21 18
9259 sas 21 19
9260 sas 21 20
9261 sas 21 21
9262 sas 21 22
9263 sas 22 1
9264 sas 22 2
9265 sas 22 3
9266 sas 22 4
9267 sas 22 5
9268 sas 22 6
9269 sas 22 7
9270 sas 22 8
9271 sas 22 9
9272 sas 22 10
9273 sas 22 11
9274 sas 22 12
9275 sas 22 13
9276 sas 22 14
9277 sas 22 15
9278 sas 22 16
9279 sas 22 17
9280 sas 22 18
9281 sas 22 19
9282 sas 22 20
9283 sas 22 21
9284 sas 22 22
9285 sas 23 1
9286 sas 23 2
9287 sas 23 3
9288 sas 23 4
9289 sas 23 5
9290 sas 23 6
9291 sas 23 7
9292 sas 23 8
9293 sas 23 9
9294 sas 23 10
9295 sas 23 11
9296 sas 23 12
9297 sas 23 13
9298 sas 23 14
9299 sas 23 15
9300 sas 23 16
9301 sas 23 17
9302 sas 23 18
9303 sas 23 19
9304 sas 23 20
9305 sas 23 21
9306 sas 23 22
9307 sas 24 1
9308 sas 24 2
9309 sas 24 3
9310 sas 24 4
9311 sas 24 5
9312 sas 24 6
9313 sas 24 7
9314 sas 24 8
9315 sas 24 9
9316 sas 24 10
9317 sas 24 11
9318 sas 24 12
9319 sas 24 13
9320 sas 24 14
9321 sas 24 15
9322 sas 24 16
9323 sas 24 17
9324 sas 24 18
9325 sas 24 19
9326 sas 24 20
9327 sas 24 21
9328 sas 24 22
9329 sas 25 1
9330 sas 25 2
9331 sas 25 3
9332 sas 25 4
9333 sas 25 5
9334 sas 25 6
9335 sas 25 7
9336 sas 25 8
9337 sas 25 9
9338 sas 25 10
9339 sas 25 11
9340 sas 25 12
9341 sas 25 13
9342 sas 25 14
9343 sas 25 15
9344 sas 25 16
9345 sas 25 17
9346 sas 25 18
9347 sas 25 19
9348 sas 25 20
9349 sas 25 21
9350 sas 25 22
9351 sas 26 1
9352 sas 26 2
9353 sas 26 3
9354 sas 26 4
9355 sas 26 5
9356 sas 26 6
9357 sas 26 7
9358 sas 26 8
9359 sas 26 9
9360 sas 26 10
9361 sas 26 11
9362 sas 26 12
9363 sas 26 13
9364 sas 26 14
9365 sas 26 15
9366 sas 26 16
9367 sas 26 17
9368 sas 26 18
9369 sas 26 19
9370 sas 26 20
9371 sas 26 21
9372 sas 26 22
9373 sas 27 1
9374 sas 27 2
9375 sas 27 3
9376 sas 27 4
9377 sas 27 5
9378 sas 27 6
9379 sas 27 7
9380 sas 27 8
9381 sas 27 9
9382 sas 27 10
9383 sas 27 11
9384 sas 27 12
9385 sas 27 13
9386 sas 27 14
9387 sas 27 15
9388 sas 27 16
9389 sas 27 17
9390 sas 27 18
9391 sas 27 19
9392 sas 27 20
9393 sas 27 21
9394 sas 27 22
9395 sas 28 1
9396 sas 28 2
9397 sas 28 3
9398 sas 28 4
9399 sas 28 5
9400 sas 28 6
9401 sas 28 7
9402 sas 28 8
9403 sas 28 9
9404 sas 28 10
9405 sas 28 11
9406 sas 28 12
9407 sas 28 13
9408 sas 28 14
9409 sas 28 15
9410 sas 28 16
9411 sas 28 17
9412 sas 28 18
9413 sas 28 19
9414 sas 28 20
9415 sas 28 21
9416 sas 28 22
9417 sas 29 1
9418 sas 29 2
9419 sas 29 3
9420 sas 29 4
9421 sas 29 5
9422 sas 29 6
9423 sas 29 7
9424 sas 29 8
9425 sas 29 9
9426 sas 29 10
9427 sas 29 11
9428 sas 29 12
9429 sas 29 13
9430 sas 29 14
9431 sas 29 15
9432 sas 29 16
9433 sas 29 17
9434 sas 29 18
9435 sas 29 19
9436 sas 29 20
9437 sas 29 21
9438 sas 29 22
9439 sas 30 1
9440 sas 30 2
9441 sas 30 3
9442 sas 30 4
9443 sas 30 5
9444 sas 30 6
9445 sas 30 7
9446 sas 30 8
9447 sas 30 9
9448 sas 30 10
9449 sas 30 11
9450 sas 30 12
9451 sas 30 13
9452 sas 30 14
9453 sas 30 15
9454 sas 30 16
9455 sas 30 17
9456 sas 30 18
9457 sas 30 19
9458 sas 30 20
9459 sas 30 21
9460 sas 30 22
9461 sas 31 1
9462 sas 31 2
9463 sas 31 3
9464 sas 31 4
9465 sas 31 5
9466 sas 31 6
9467 sas 31 7
9468 sas 31 8
9469 sas 31 9
9470 sas 31 10
9471 sas 31 11
9472 sas 31 12
9473 sas 31 13
9474 sas 31 14
9475 sas 31 15
9476 sas 31 16
9477 sas 31 17
9478 sas 31 18
9479 sas 31 19
9480 sas 31 20
9481 sas 31 21
9482 sas 31 22
9483 sas 32 1
9484 sas 32 2
9485 sas 32 3
9486 sas 32 4
9487 sas 32 5
9488 sas 32 6
9489 sas 32 7
9490 sas 32 8
9491 sas 32 9
9492 sas 32 10
9493 sas 32 11
9494 sas 32 12
9495 sas 32 13
9496 sas 32 14
9497 sas 32 15
9498 sas 32 16
9499 sas 32 17
9500 sas 32 18
9501 sas 32 19
9502 sas 32 20
9503 sas 32 21
9504 sas 32 22
9505 sas 33 1
9506 sas 33 2
9507 sas 33 3
9508 sas 33 4
9509 sas 33 5
9510 sas 33 6
9511 sas 33 7
9512 sas 33 8
9513 sas 33 9
9514 sas 33 10
9515 sas 33 11
9516 sas 33 12
9517 sas 33 13
9518 sas 33 14
9519 sas 33 15
9520 sas 33 16
9521 sas 33 17
9522 sas 33 18
9523 sas 33 19
9524 sas 33 20
9525 sas 33 21
9526 sas 33 22
9527 sas 34 1
9528 sas 34 2
9529 sas 34 3
9530 sas 34 4
9531 sas 34 5
9532 sas 34 6
9533 sas 34 7
9534 sas 34 8
9535 sas 34 9
9536 sas 34 10
9537 sas 34 11
9538 sas 34 12
9539 sas 34 13
9540 sas 34 14
9541 sas 34 15
9542 sas 34 16
9543 sas 34 17
9544 sas 34 18
9545 sas 34 19
9546 sas 34 20
9547 sas 34 21
9548 sas 34 22
9549 sas 35 1
9550 sas 35 2
9551 sas 35 3
9552 sas 35 4
9553 sas 35 5
9554 sas 35 6
9555 sas 35 7
9556 sas 35 8
9557 sas 35 9
9558 sas 35 10
9559 sas 35 11
9560 sas 35 12
9561 sas 35 13
9562 sas 35 14
9563 sas 35 15
9564 sas 35 16
9565 sas 35 17
9566 sas 35 18
9567 sas 35 19
9568 sas 35 20
9569 sas 35 21
9570 sas 35 22
9571 sas 36 1
9572 sas 36 2
9573 sas 36 3
9574 sas 36 4
9575 sas 36 5
9576 sas 36 6
9577 sas 36 7
9578 sas 36 8
9579 sas 36 9
9580 sas 36 10
9581 sas 36 11
9582 sas 36 12
9583 sas 36 13
9584 sas 36 14
9585 sas 36 15
9586 sas 36 16
9587 sas 36 17
9588 sas 36 18
9589 sas 36 19
9590 sas 36 20
9591 sas 36 21
9592 sas 36 22
9593 sas 37 1
9594 sas 37 2
9595 sas 37 3
9596 sas 37 4
9597 sas 37 5
9598 sas 37 6
9599 sas 37 7
9600 sas 37 8
9601 sas 37 9
9602 sas 37 10
9603 sas 37 11
9604 sas 37 12
9605 sas 37 13
9606 sas 37 14
9607 sas 37 15
9608 sas 37 16
9609 sas 37 17
9610 sas 37 18
9611 sas 37 19
9612 sas 37 20
9613 sas 37 21
9614 sas 37 22
9615 sas 38 1
9616 sas 38 2
9617 sas 38 3
9618 sas 38 4
9619 sas 38 5
9620 sas 38 6
9621 sas 38 7
9622 sas 38 8
9623 sas 38 9
9624 sas 38 10
9625 sas 38 11
9626 sas 38 12
9627 sas 38 13
9628 sas 38 14
9629 sas 38 15
9630 sas 38 16
9631 sas 38 17
9632 sas 38 18
9633 sas 38 19
9634 sas 38 20
9635 sas 38 21
9636 sas 38 22
9637 sas 39 1
9638 sas 39 2
9639 sas 39 3
9640 sas 39 4
9641 sas 39 5
9642 sas 39 6
9643 sas 39 7
9644 sas 39 8
9645 sas 39 9
9646 sas 39 10
9647 sas 39 11
9648 sas 39 12
9649 sas 39 13
9650 sas 39 14
9651 sas 39 15
9652 sas 39 16
9653 sas 39 17
9654 sas 39 18
9655 sas 39 19
9656 sas 39 20
9657 sas 39 21
9658 sas 39 22
9659 sas 40 1
9660 sas 40 2
9661 sas 40 3
9662 sas 40 4
9663 sas 40 5
9664 sas 40 6
9665 sas 40 7
9666 sas 40 8
9667 sas 40 9
9668 sas 40 10
9669 sas 40 11
9670 sas 40 12
9671 sas 40 13
9672 sas 40 14
9673 sas 40 15
9674 sas 40 16
9675 sas 40 17
9676 sas 40 18
9677 sas 40 19
9678 sas 40 20
9679 sas 40 21
9680 sas 40 22
9681 sas 41 1
9682 sas 41 2
9683 sas 41 3
9684 sas 41 4
9685 sas 41 5
9686 sas 41 6
9687 sas 41 7
9688 sas 41 8
9689 sas 41 9
9690 sas 41 10
9691 sas 41 11
9692 sas 41 12
9693 sas 41 13
9694 sas 41 14
9695 sas 41 15
9696 sas 41 16
9697 sas 41 17
9698 sas 41 18
9699 sas 41 19
9700 sas 41 20
9701 sas 41 21
9702 sas 41 22
9703 sas 42 1
9704 sas 42 2
9705 sas 42 3
9706 sas 42 4
9707 sas 42 5
9708 sas 42 6
9709 sas 42 7
9710 sas 42 8
9711 sas 42 9
9712 sas 42 10
9713 sas 42 11
9714 sas 42 12
9715 sas 42 13
9716 sas 42 14
9717 sas 42 15
9718 sas 42 16
9719 sas 42 17
9720 sas 42 18
9721 sas 42 19
9722 sas 42 20
9723 sas 42 21
9724 sas 42 22
9725 sas 43 1
9726 sas 43 2
9727 sas 43 3
9728 sas 43 4
9729 sas 43 5
9730 sas 43 6
9731 sas 43 7
9732 sas 43 8
9733 sas 43 9
9734 sas 43 10
9735 sas 43 11
9736 sas 43 12
9737 sas 43 13
9738 sas 43 14
9739 sas 43 15
9740 sas 43 16
9741 sas 43 17
9742 sas 43 18
9743 sas 43 19
9744 sas 43 20
9745 sas 43 21
9746 sas 43 22
9747 sas 44 1
9748 sas 44 2
9749 sas 44 3
9750 sas 44 4
9751 sas 44 5
9752 sas 44 6
9753 sas 44 7
9754 sas 44 8
9755 sas 44 9
9756 sas 44 10
9757 sas 44 11
9758 sas 44 12
9759 sas 44 13
9760 sas 44 14
9761 sas 44 15
9762 sas 44 16
9763 sas 44 17
9764 sas 44 18
9765 sas 44 19
9766 sas 44 20
9767 sas 44 21
9768 sas 44 22
9769 sas 45 1
9770 sas 45 2
9771 sas 45 3
9772 sas 45 4
9773 sas 45 5
9774 sas 45 6
9775 sas 45 7
9776 sas 45 8
9777 sas 45 9
9778 sas 45 10
9779 sas 45 11
9780 sas 45 12
9781 sas 45 13
9782 sas 45 14
9783 sas 45 15
9784 sas 45 16
9785 sas 45 17
9786 sas 45 18
9787 sas 45 19
9788 sas 45 20
9789 sas 45 21
9790 sas 45 22
9791 sas 46 1
9792 sas 46 2
9793 sas 46 3
9794 sas 46 4
9795 sas 46 5
9796 sas 46 6
9797 sas 46 7
9798 sas 46 8
9799 sas 46 9
9800 sas 46 10
9801 sas 46 11
9802 sas 46 12
9803 sas 46 13
9804 sas 46 14
9805 sas 46 15
9806 sas 46 16
9807 sas 46 17
9808 sas 46 18
9809 sas 46 19
9810 sas 46 20
9811 sas 46 21
9812 sas 46 22
9813 sas 47 1
9814 sas 47 2
9815 sas 47 3
9816 sas 47 4
9817 sas 47 5
9818 sas 47 6
9819 sas 47 7
9820 sas 47 8
9821 sas 47 9
9822 sas 47 10
9823 sas 47 11
9824 sas 47 12
9825 sas 47 13
9826 sas 47 14
9827 sas 47 15
9828 sas 47 16
9829 sas 47 17
9830 sas 47 18
9831 sas 47 19
9832 sas 47 20
9833 sas 47 21
9834 sas 47 22
9835 sas 48 1
9836 sas 48 2
9837 sas 48 3
9838 sas 48 4
9839 sas 48 5
9840 sas 48 6
9841 sas 48 7
9842 sas 48 8
9843 sas 48 9
9844 sas 48 10
9845 sas 48 11
9846 sas 48 12
9847 sas 48 13
9848 sas 48 14
9849 sas 48 15
9850 sas 48 16
9851 sas 48 17
9852 sas 48 18
9853 sas 48 19
9854 sas 48 20
9855 sas 48 21
9856 sas 48 22
9857 sas 49 1
9858 sas 49 2
9859 sas 49 3
9860 sas 49 4
9861 sas 49 5
9862 sas 49 6
9863 sas 49 7
9864 sas 49 8
9865 sas 49 9
9866 sas 49 10
9867 sas 49 11
9868 sas 49 12
9869 sas 49 13
9870 sas 49 14
9871 sas 49 15
9872 sas 49 16
9873 sas 49 17
9874 sas 49 18
9875 sas 49 19
9876 sas 49 20
9877 sas 49 21
9878 sas 49 22
9879 sas 50 1
9880 sas 50 2
9881 sas 50 3
9882 sas 50 4
9883 sas 50 5
9884 sas 50 6
9885 sas 50 7
9886 sas 50 8
9887 sas 50 9
9888 sas 50 10
9889 sas 50 11
9890 sas 50 12
9891 sas 50 13
9892 sas 50 14
9893 sas 50 15
9894 sas 50 16
9895 sas 50 17
9896 sas 50 18
9897 sas 50 19
9898 sas 50 20
9899 sas 50 21
9900 sas 50 22
9901 sas 51 1
9902 sas 51 2
9903 sas 51 3
9904 sas 51 4
9905 sas 51 5
9906 sas 51 6
9907 sas 51 7
9908 sas 51 8
9909 sas 51 9
9910 sas 51 10
9911 sas 51 11
9912 sas 51 12
9913 sas 51 13
9914 sas 51 14
9915 sas 51 15
9916 sas 51 16
9917 sas 51 17
9918 sas 51 18
9919 sas 51 19
9920 sas 51 20
9921 sas 51 21
9922 sas 51 22
9923 sas 52 1
9924 sas 52 2
9925 sas 52 3
9926 sas 52 4
9927 sas 52 5
9928 sas 52 6
9929 sas 52 7
9930 sas 52 8
9931 sas 52 9
9932 sas 52 10
9933 sas 52 11
9934 sas 52 12
9935 sas 52 13
9936 sas 52 14
9937 sas 52 15
9938 sas 52 16
9939 sas 52 17
9940 sas 52 18
9941 sas 52 19
9942 sas 52 20
9943 sas 52 21
9944 sas 52 22
9945 sas 53 1
9946 sas 53 2
9947 sas 53 3
9948 sas 53 4
9949 sas 53 5
9950 sas 53 6
9951 sas 53 7
9952 sas 53 8
9953 sas 53 9
9954 sas 53 10
9955 sas 53 11
9956 sas 53 12
9957 sas 53 13
9958 sas 53 14
9959 sas 53 15
9960 sas 53 16
9961 sas 53 17
9962 sas 53 18
9963 sas 53 19
9964 sas 53 20
9965 sas 53 21
9966 sas 53 22
9967 sas 54 1
9968 sas 54 2
9969 sas 54 3
9970 sas 54 4
9971 sas 54 5
9972 sas 54 6
9973 sas 54 7
9974 sas 54 8
9975 sas 54 9
9976 sas 54 10
9977 sas 54 11
9978 sas 54 12
9979 sas 54 13
9980 sas 54 14
9981 sas 54 15
9982 sas 54 16
9983 sas 54 17
9984 sas 54 18
9985 sas 54 19
9986 sas 54 20
9987 sas 54 21
9988 sas 54 22
9989 sas 55 1
9990 sas 55 2
9991 sas 55 3
9992 sas 55 4
9993 sas 55 5
9994 sas 55 6
9995 sas 55 7
9996 sas 55 8
9997 sas 55 9
9998 sas 55 10
9999 sas 55 11
10000 sas 55 12
10001 sas 55 13
10002 sas 55 14
10003 sas 55 15
10004 sas 55 16
10005 sas 55 17
10006 sas 55 18
10007 sas 55 19
10008 sas 55 20
10009 sas 55 21
10010 sas 55 22
10011 sas 56 1
10012 sas 56 2
10013 sas 56 3
10014 sas 56 4
10015 sas 56 5
10016 sas 56 6
10017 sas 56 7
10018 sas 56 8
10019 sas 56 9
10020 sas 56 10
10021 sas 56 11
10022 sas 56 12
10023 sas 56 13
10024 sas 56 14
10025 sas 56 15
10026 sas 56 16
10027 sas 56 17
10028 sas 56 18
10029 sas 56 19
10030 sas 56 20
10031 sas 56 21
10032 sas 56 22
10033 sas 57 1
10034 sas 57 2
10035 sas 57 3
10036 sas 57 4
10037 sas 57 5
10038 sas 57 6
10039 sas 57 7
10040 sas 57 8
10041 sas 57 9
10042 sas 57 10
10043 sas 57 11
10044 sas 57 12
10045 sas 57 13
10046 sas 57 14
10047 sas 57 15
10048 sas 57 16
10049 sas 57 17
10050 sas 57 18
10051 sas 57 19
10052 sas 57 20
10053 sas 57 21
10054 sas 57 22
10055 sas 58 1
10056 sas 58 2
10057 sas 58 3
10058 sas 58 4
10059 sas 58 5
10060 sas 58 6
10061 sas 58 7
10062 sas 58 8
10063 sas 58 9
10064 sas 58 10
10065 sas 58 11
10066 sas 58 12
10067 sas 58 13
10068 sas 58 14
10069 sas 58 15
10070 sas 58 16
10071 sas 58 17
10072 sas 58 18
10073 sas 58 19
10074 sas 58 20
10075 sas 58 21
10076 sas 58 22
10077 sas 59 1
10078 sas 59 2
10079 sas 59 3
10080 sas 59 4
10081 sas 59 5
10082 sas 59 6
10083 sas 59 7
10084 sas 59 8
10085 sas 59 9
10086 sas 59 10
10087 sas 59 11
10088 sas 59 12
10089 sas 59 13
10090 sas 59 14
10091 sas 59 15
10092 sas 59 16
10093 sas 59 17
10094 sas 59 18
10095 sas 59 19
10096 sas 59 20
10097 sas 59 21
10098 sas 59 22
10099 sas 60 1
10100 sas 60 2
10101 sas 60 3
10102 sas 60 4
10103 sas 60 5
10104 sas 60 6
10105 sas 60 7
10106 sas 60 8
10107 sas 60 9
10108 sas 60 10
10109 sas 60 11
10110 sas 60 12
10111 sas 60 13
10112 sas 60 14
10113 sas 60 15
10114 sas 60 16
10115 sas 60 17
10116 sas 60 18
10117 sas 60 19
10118 sas 60 20
10119 sas 60 21
10120 sas 60 22
10121 sas 61 1
10122 sas 61 2
10123 sas 61 3
10124 sas 61 4
10125 sas 61 5
10126 sas 61 6
10127 sas 61 7
10128 sas 61 8
10129 sas 61 9
10130 sas 61 10
10131 sas 61 11
10132 sas 61 12
10133 sas 61 13
10134 sas 61 14
10135 sas 61 15
10136 sas 61 16
10137 sas 61 17
10138 sas 61 18
10139 sas 61 19
10140 sas 61 20
10141 sas 61 21
10142 sas 61 22
10143 sas 62 1
10144 sas 62 2
10145 sas 62 3
10146 sas 62 4
10147 sas 62 5
10148 sas 62 6
10149 sas 62 7
10150 sas 62 8
10151 sas 62 9
10152 sas 62 10
10153 sas 62 11
10154 sas 62 12
10155 sas 62 13
10156 sas 62 14
10157 sas 62 15
10158 sas 62 16
10159 sas 62 17
10160 sas 62 18
10161 sas 62 19
10162 sas 62 20
10163 sas 62 21
10164 sas 62 22
10165 sas 63 1
10166 sas 63 2
10167 sas 63 3
10168 sas 63 4
10169 sas 63 5
10170 sas 63 6
10171 sas 63 7
10172 sas 63 8
10173 sas 63 9
10174 sas 63 10
10175 sas 63 11
10176 sas 63 12
10177 sas 63 13
10178 sas 63 14
10179 sas 63 15
10180 sas 63 16
10181 sas 63 17
10182 sas 63 18
10183 sas 63 19
10184 sas 63 20
10185 sas 63 21
10186 sas 63 22
10187 sas 64 1
10188 sas 64 2
10189 sas 64 3
10190 sas 64 4
10191 sas 64 5
10192 sas 64 6
10193 sas 64 7
10194 sas 64 8
10195 sas 64 9
10196 sas 64 10
10197 sas 64 11
10198 sas 64 12
10199 sas 64 13
10200 sas 64 14
10201 sas 64 15
10202 sas 64 16
10203 sas 64 17
10204 sas 64 18
10205 sas 64 19
10206 sas 64 20
10207 sas 64 21
10208 sas 64 22
10209 sas 65 1
10210 sas 65 2
10211 sas 65 3
10212 sas 65 4
10213 sas 65 5
10214 sas 65 6
10215 sas 65 7
10216 sas 65 8
10217 sas 65 9
10218 sas 65 10
10219 sas 65 11
10220 sas 65 12
10221 sas 65 13
10222 sas 65 14
10223 sas 65 15
10224 sas 65 16
10225 sas 65 17
10226 sas 65 18
10227 sas 65 19
10228 sas 65 20
10229 sas 65 21
10230 sas 65 22
10231 sas 66 1
10232 sas 66 2
10233 sas 66 3
10234 sas 66 4
10235 sas 66 5
10236 sas 66 6
10237 sas 66 7
10238 sas 66 8
10239 sas 66 9
10240 sas 66 10
10241 sas 66 11
10242 sas 66 12
10243 sas 66 13
10244 sas 66 14
10245 sas 66 15
10246 sas 66 16
10247 sas 66 17
10248 sas 66 18
10249 sas 66 19
10250 sas 66 20
10251 sas 66 21
10252 sas 66 22
10253 sas 67 1
10254 sas 67 2
10255 sas 67 3
10256 sas 67 4
10257 sas 67 5
10258 sas 67 6
10259 sas 67 7
10260 sas 67 8
10261 sas 67 9
10262 sas 67 10
10263 sas 67 11
10264 sas 67 12
10265 sas 67 13
10266 sas 67 14
10267 sas 67 15
10268 sas 67 16
10269 sas 67 17
10270 sas 67 18
10271 sas 67 19
10272 sas 67 20
10273 sas 67 21
10274 sas 67 22
10275 sas 68 1
10276 sas 68 2
10277 sas 68 3
10278 sas 68 4
10279 sas 68 5
10280 sas 68 6
10281 sas 68 7
10282 sas 68 8
10283 sas 68 9
10284 sas 68 10
10285 sas 68 11
10286 sas 68 12
10287 sas 68 13
10288 sas 68 14
10289 sas 68 15
10290 sas 68 16
10291 sas 68 17
10292 sas 68 18
10293 sas 68 19
10294 sas 68 20
10295 sas 68 21
10296 sas 68 22
10297 sas 69 1
10298 sas 69 2
10299 sas 69 3
10300 sas 69 4
10301 sas 69 5
10302 sas 69 6
10303 sas 69 7
10304 sas 69 8
10305 sas 69 9
10306 sas 69 10
10307 sas 69 11
10308 sas 69 12
10309 sas 69 13
10310 sas 69 14
10311 sas 69 15
10312 sas 69 16
10313 sas 69 17
10314 sas 69 18
10315 sas 69 19
10316 sas 69 20
10317 sas 69 21
10318 sas 69 22
10319 sas 70 1
10320 sas 70 2
10321 sas 70 3
10322 sas 70 4
10323 sas 70 5
10324 sas 70 6
10325 sas 70 7
10326 sas 70 8
10327 sas 70 9
10328 sas 70 10
10329 sas 70 11
10330 sas 70 12
10331 sas 70 13
10332 sas 70 14
10333 sas 70 15
10334 sas 70 16
10335 sas 70 17
10336 sas 70 18
10337 sas 70 19
10338 sas 70 20
10339 sas 70 21
10340 sas 70 22
10341 sas 71 1
10342 sas 71 2
10343 sas 71 3
10344 sas 71 4
10345 sas 71 5
10346 sas 71 6
10347 sas 71 7
10348 sas 71 8
10349 sas 71 9
10350 sas 71 10
10351 sas 71 11
10352 sas 71 12
10353 sas 71 13
10354 sas 71 14
10355 sas 71 15
10356 sas 71 16
10357 sas 71 17
10358 sas 71 18
10359 sas 71 19
10360 sas 71 20
10361 sas 71 21
10362 sas 71 22
10363 sas 72 1
10364 sas 72 2
10365 sas 72 3
10366 sas 72 4
10367 sas 72 5
10368 sas 72 6
10369 sas 72 7
10370 sas 72 8
10371 sas 72 9
10372 sas 72 10
10373 sas 72 11
10374 sas 72 12
10375 sas 72 13
10376 sas 72 14
10377 sas 72 15
10378 sas 72 16
10379 sas 72 17
10380 sas 72 18
10381 sas 72 19
10382 sas 72 20
10383 sas 72 21
10384 sas 72 22
10385 sas 73 1
10386 sas 73 2
10387 sas 73 3
10388 sas 73 4
10389 sas 73 5
10390 sas 73 6
10391 sas 73 7
10392 sas 73 8
10393 sas 73 9
10394 sas 73 10
10395 sas 73 11
10396 sas 73 12
10397 sas 73 13
10398 sas 73 14
10399 sas 73 15
10400 sas 73 16
10401 sas 73 17
10402 sas 73 18
10403 sas 73 19
10404 sas 73 20
10405 sas 73 21
10406 sas 73 22
10407 sas 74 1
10408 sas 74 2
10409 sas 74 3
10410 sas 74 4
10411 sas 74 5
10412 sas 74 6
10413 sas 74 7
10414 sas 74 8
10415 sas 74 9
10416 sas 74 10
10417 sas 74 11
10418 sas 74 12
10419 sas 74 13
10420 sas 74 14
10421 sas 74 15
10422 sas 74 16
10423 sas 74 17
10424 sas 74 18
10425 sas 74 19
10426 sas 74 20
10427 sas 74 21
10428 sas 74 22
10429 sas 75 1
10430 sas 75 2
10431 sas 75 3
10432 sas 75 4
10433 sas 75 5
10434 sas 75 6
10435 sas 75 7
10436 sas 75 8
10437 sas 75 9
10438 sas 75 10
10439 sas 75 11
10440 sas 75 12
10441 sas 75 13
10442 sas 75 14
10443 sas 75 15
10444 sas 75 16
10445 sas 75 17
10446 sas 75 18
10447 sas 75 19
10448 sas 75 20
10449 sas 75 21
10450 sas 75 22
10451 sas 76 1
10452 sas 76 2
10453 sas 76 3
10454 sas 76 4
10455 sas 76 5
10456 sas 76 6
10457 sas 76 7
10458 sas 76 8
10459 sas 76 9
10460 sas 76 10
10461 sas 76 11
10462 sas 76 12
10463 sas 76 13
10464 sas 76 14
10465 sas 76 15
10466 sas 76 16
10467 sas 76 17
10468 sas 76 18
10469 sas 76 19
10470 sas 76 20
10471 sas 76 21
10472 sas 76 22
10473 sas 77 1
10474 sas 77 2
10475 sas 77 3
10476 sas 77 4
10477 sas 77 5
10478 sas 77 6
10479 sas 77 7
10480 sas 77 8
10481 sas 77 9
10482 sas 77 10
10483 sas 77 11
10484 sas 77 12
10485 sas 77 13
10486 sas 77 14
10487 sas 77 15
10488 sas 77 16
10489 sas 77 17
10490 sas 77 18
10491 sas 77 19
10492 sas 77 20
10493 sas 77 21
10494 sas 77 22
10495 sas 78 1
10496 sas 78 2
10497 sas 78 3
10498 sas 78 4
10499 sas 78 5
10500 sas 78 6
10501 sas 78 7
10502 sas 78 8
10503 sas 78 9
10504 sas 78 10
10505 sas 78 11
10506 sas 78 12
10507 sas 78 13
10508 sas 78 14
10509 sas 78 15
10510 sas 78 16
10511 sas 78 17
10512 sas 78 18
10513 sas 78 19
10514 sas 78 20
10515 sas 78 21
10516 sas 78 22
10517 sas 79 1
10518 sas 79 2
10519 sas 79 3
10520 sas 79 4
10521 sas 79 5
10522 sas 79 6
10523 sas 79 7
10524 sas 79 8
10525 sas 79 9
10526 sas 79 10
10527 sas 79 11
10528 sas 79 12
10529 sas 79 13
10530 sas 79 14
10531 sas 79 15
10532 sas 79 16
10533 sas 79 17
10534 sas 79 18
10535 sas 79 19
10536 sas 79 20
10537 sas 79 21
10538 sas 79 22
10539 sas 80 1
10540 sas 80 2
10541 sas 80 3
10542 sas 80 4
10543 sas 80 5
10544 sas 80 6
10545 sas 80 7
10546 sas 80 8
10547 sas 80 9
10548 sas 80 10
10549 sas 80 11
10550 sas 80 12
10551 sas 80 13
10552 sas 80 14
10553 sas 80 15
10554 sas 80 16
10555 sas 80 17
10556 sas 80 18
10557 sas 80 19
10558 sas 80 20
10559 sas 80 21
10560 sas 80 22
10561 sas 81 1
10562 sas 81 2
10563 sas 81 3
10564 sas 81 4
10565 sas 81 5
10566 sas 81 6
10567 sas 81 7
10568 sas 81 8
10569 sas 81 9
10570 sas 81 10
10571 sas 81 11
10572 sas 81 12
10573 sas 81 13
10574 sas 81 14
10575 sas 81 15
10576 sas 81 16
10577 sas 81 17
10578 sas 81 18
10579 sas 81 19
10580 sas 81 20
10581 sas 81 21
10582 sas 81 22
10583 sas 82 1
10584 sas 82 2
10585 sas 82 3
10586 sas 82 4
10587 sas 82 5
10588 sas 82 6
10589 sas 82 7
10590 sas 82 8
10591 sas 82 9
10592 sas 82 10
10593 sas 82 11
10594 sas 82 12
10595 sas 82 13
10596 sas 82 14
10597 sas 82 15
10598 sas 82 16
10599 sas 82 17
10600 sas 82 18
10601 sas 82 19
10602 sas 82 20
10603 sas 82 21
10604 sas 82 22
10605 sas 83 1
10606 sas 83 2
10607 sas 83 3
10608 sas 83 4
10609 sas 83 5
10610 sas 83 6
10611 sas 83 7
10612 sas 83 8
10613 sas 83 9
10614 sas 83 10
10615 sas 83 11
10616 sas 83 12
10617 sas 83 13
10618 sas 83 14
10619 sas 83 15
10620 sas 83 16
10621 sas 83 17
10622 sas 83 18
10623 sas 83 19
10624 sas 83 20
10625 sas 83 21
10626 sas 83 22
10627 sas 84 1
10628 sas 84 2
10629 sas 84 3
10630 sas 84 4
10631 sas 84 5
10632 sas 84 6
10633 sas 84 7
10634 sas 84 8
10635 sas 84 9
10636 sas 84 10
10637 sas 84 11
10638 sas 84 12
10639 sas 84 13
10640 sas 84 14
10641 sas 84 15
10642 sas 84 16
10643 sas 84 17
10644 sas 84 18
10645 sas 84 19
10646 sas 84 20
10647 sas 84 21
10648 sas 84 22
10649 sas 85 1
10650 sas 85 2
10651 sas 85 3
10652 sas 85 4
10653 sas 85 5
10654 sas 85 6
10655 sas 85 7
10656 sas 85 8
10657 sas 85 9
10658 sas 85 10
10659 sas 85 11
10660 sas 85 12
10661 sas 85 13
10662 sas 85 14
10663 sas 85 15
10664 sas 85 16
10665 sas 85 17
10666 sas 85 18
10667 sas 85 19
10668 sas 85 20
10669 sas 85 21
10670 sas 85 22
10671 sas 86 1
10672 sas 86 2
10673 sas 86 3
10674 sas 86 4
10675 sas 86 5
10676 sas 86 6
10677 sas 86 7
10678 sas 86 8
10679 sas 86 9
10680 sas 86 10
10681 sas 86 11
10682 sas 86 12
10683 sas 86 13
10684 sas 86 14
10685 sas 86 15
10686 sas 86 16
10687 sas 86 17
10688 sas 86 18
10689 sas 86 19
10690 sas 86 20
10691 sas 86 21
10692 sas 86 22
10693 sas 87 1
10694 sas 87 2
10695 sas 87 3
10696 sas 87 4
10697 sas 87 5
10698 sas 87 6
10699 sas 87 7
10700 sas 87 8
10701 sas 87 9
10702 sas 87 10
10703 sas 87 11
10704 sas 87 12
10705 sas 87 13
10706 sas 87 14
10707 sas 87 15
10708 sas 87 16
10709 sas 87 17
10710 sas 87 18
10711 sas 87 19
10712 sas 87 20
10713 sas 87 21
10714 sas 87 22
10715 sas 88 1
10716 sas 88 2
10717 sas 88 3
10718 sas 88 4
10719 sas 88 5
10720 sas 88 6
10721 sas 88 7
10722 sas 88 8
10723 sas 88 9
10724 sas 88 10
10725 sas 88 11
10726 sas 88 12
10727 sas 88 13
10728 sas 88 14
10729 sas 88 15
10730 sas 88 16
10731 sas 88 17
10732 sas 88 18
10733 sas 88 19
10734 sas 88 20
10735 sas 88 21
10736 sas 88 22
10737 sas 89 1
10738 sas 89 2
10739 sas 89 3
10740 sas 89 4
10741 sas 89 5
10742 sas 89 6
10743 sas 89 7
10744 sas 89 8
10745 sas 89 9
10746 sas 89 10
10747 sas 89 11
10748 sas 89 12
10749 sas 89 13
10750 sas 89 14
10751 sas 89 15
10752 sas 89 16
10753 sas 89 17
10754 sas 89 18
10755 sas 89 19
10756 sas 89 20
10757 sas 89 21
10758 sas 89 22
10759 sas 90 1
10760 sas 90 2
10761 sas 90 3
10762 sas 90 4
10763 sas 90 5
10764 sas 90 6
10765 sas 90 7
10766 sas 90 8
10767 sas 90 9
10768 sas 90 10
10769 sas 90 11
10770 sas 90 12
10771 sas 90 13
10772 sas 90 14
10773 sas 90 15
10774 sas 90 16
10775 sas 90 17
10776 sas 90 18
10777 sas 90 19
10778 sas 90 20
10779 sas 90 21
10780 sas 90 22
10781 sas 91 1
10782 sas 91 2
10783 sas 91 3
10784 sas 91 4
10785 sas 91 5
10786 sas 91 6
10787 sas 91 7
10788 sas 91 8
10789 sas 91 9
10790 sas 91 10
10791 sas 91 11
10792 sas 91 12
10793 sas 91 13
10794 sas 91 14
10795 sas 91 15
10796 sas 91 16
10797 sas 91 17
10798 sas 91 18
10799 sas 91 19
10800 sas 91 20
10801 sas 91 21
10802 sas 91 22
10803 sas 92 1
10804 sas 92 2
10805 sas 92 3
10806 sas 92 4
10807 sas 92 5
10808 sas 92 6
10809 sas 92 7
10810 sas 92 8
10811 sas 92 9
10812 sas 92 10
10813 sas 92 11
10814 sas 92 12
10815 sas 92 13
10816 sas 92 14
10817 sas 92 15
10818 sas 92 16
10819 sas 92 17
10820 sas 92 18
10821 sas 92 19
10822 sas 92 20
10823 sas 92 21
10824 sas 92 22
10825 sas 93 1
10826 sas 93 2
10827 sas 93 3
10828 sas 93 4
10829 sas 93 5
10830 sas 93 6
10831 sas 93 7
10832 sas 93 8
10833 sas 93 9
10834 sas 93 10
10835 sas 93 11
10836 sas 93 12
10837 sas 93 13
10838 sas 93 14
10839 sas 93 15
10840 sas 93 16
10841 sas 93 17
10842 sas 93 18
10843 sas 93 19
10844 sas 93 20
10845 sas 93 21
10846 sas 93 22
10847 sas 94 1
10848 sas 94 2
10849 sas 94 3
10850 sas 94 4
10851 sas 94 5
10852 sas 94 6
10853 sas 94 7
10854 sas 94 8
10855 sas 94 9
10856 sas 94 10
10857 sas 94 11
10858 sas 94 12
10859 sas 94 13
10860 sas 94 14
10861 sas 94 15
10862 sas 94 16
10863 sas 94 17
10864 sas 94 18
10865 sas 94 19
10866 sas 94 20
10867 sas 94 21
10868 sas 94 22
10869 sas 95 1
10870 sas 95 2
10871 sas 95 3
10872 sas 95 4
10873 sas 95 5
10874 sas 95 6
10875 sas 95 7
10876 sas 95 8
10877 sas 95 9
10878 sas 95 10
10879 sas 95 11
10880 sas 95 12
10881 sas 95 13
10882 sas 95 14
10883 sas 95 15
10884 sas 95 16
10885 sas 95 17
10886 sas 95 18
10887 sas 95 19
10888 sas 95 20
10889 sas 95 21
10890 sas 95 22
10891 sas 96 1
10892 sas 96 2
10893 sas 96 3
10894 sas 96 4
10895 sas 96 5
10896 sas 96 6
10897 sas 96 7
10898 sas 96 8
10899 sas 96 9
10900 sas 96 10
10901 sas 96 11
10902 sas 96 12
10903 sas 96 13
10904 sas 96 14
10905 sas 96 15
10906 sas 96 16
10907 sas 96 17
10908 sas 96 18
10909 sas 96 19
10910 sas 96 20
10911 sas 96 21
10912 sas 96 22
10913 sas 97 1
10914 sas 97 2
10915 sas 97 3
10916 sas 97 4
10917 sas 97 5
10918 sas 97 6
10919 sas 97 7
10920 sas 97 8
10921 sas 97 9
10922 sas 97 10
10923 sas 97 11
10924 sas 97 12
10925 sas 97 13
10926 sas 97 14
10927 sas 97 15
10928 sas 97 16
10929 sas 97 17
10930 sas 97 18
10931 sas 97 19
10932 sas 97 20
10933 sas 97 21
10934 sas 97 22
10935 sas 98 1
10936 sas 98 2
10937 sas 98 3
10938 sas 98 4
10939 sas 98 5
10940 sas 98 6
10941 sas 98 7
10942 sas 98 8
10943 sas 98 9
10944 sas 98 10
10945 sas 98 11
10946 sas 98 12
10947 sas 98 13
10948 sas 98 14
10949 sas 98 15
10950 sas 98 16
10951 sas 98 17
10952 sas 98 18
10953 sas 98 19
10954 sas 98 20
10955 sas 98 21
10956 sas 98 22
10957 sas 99 1
10958 sas 99 2
10959 sas 99 3
10960 sas 99 4
10961 sas 99 5
10962 sas 99 6
10963 sas 99 7
10964 sas 99 8
10965 sas 99 9
10966 sas 99 10
10967 sas 99 11
10968 sas 99 12
10969 sas 99 13
10970 sas 99 14
10971 sas 99 15
10972 sas 99 16
10973 sas 99 17
10974 sas 99 18
10975 sas 99 19
10976 sas 99 20
10977 sas 99 21
10978 sas 99 22
10979 sas 100 1
10980 sas 100 2
10981 sas 100 3
10982 sas 100 4
10983 sas 100 5
10984 sas 100 6
10985 sas 100 7
10986 sas 100 8
10987 sas 100 9
10988 sas 100 10
10989 sas 100 11
10990 sas 100 12
10991 sas 100 13
10992 sas 100 14
10993 sas 100 15
10994 sas 100 16
10995 sas 100 17
10996 sas 100 18
10997 sas 100 19
10998 sas 100 20
10999 sas 100 21
11000 sas 100 22
